,media,score,selftext,time,title,upvote,vid
13,https://i.redd.it/oocd0ihms9381.gif,72792,,3/12/21 19:19,My neck hurts,0.95,
63,https://i.redd.it/upeqy5gy00w71.jpg,64046,,28/10/21 2:57,Shouldn't have told me idle time was tracked through the mouse and keyboard input.,0.91,
73,https://i.redd.it/7wbm9fb43g381.gif,63602,,4/12/21 16:26,Why are you reading this?,0.92,
47,https://i.redd.it/nbq0jzflpc381.gif,62881,,4/12/21 5:06,Maybe I am a Mod,0.92,
95,https://i.redd.it/eo655kff3c181.jpg,58106,,24/11/21 0:53,Nice Quiche,0.83,
45,https://i.imgur.com/A5Tk1yT.gifv,53125,,3/12/21 4:35,Accuracy 101,0.94,
77,https://i.redd.it/6pukfdp5j3381.gif,51845,,2/12/21 22:14,it do be like that,0.91,
18,https://i.redd.it/hu04asvfij381.jpg,51770,,5/12/21 3:58,what an incredible masterpiece of a movie,0.93,
17,https://i.redd.it/hu04asvfij381.jpg,51743,,5/12/21 3:58,what an incredible masterpiece of a movie,0.93,
77,https://i.redd.it/j7qvpmcmub381.gif,49929,,4/12/21 2:14,I hope I don't get cancelled by Californians,0.63,
55,https://i.imgur.com/OcPZOND.jpg,47667,,17/10/21 7:53,"We get it, you quit.",0.76,
69,https://i.redd.it/yj8yrvu4qh381.png,43281,,4/12/21 22:01,"Thank you guys, you are the best",0.93,
69,https://i.redd.it/yj8yrvu4qh381.png,43279,,4/12/21 22:01,"Thank you guys, you are the best",0.93,
77,https://i.redd.it/5yibc161z8s71.jpg,41084,,9/10/21 4:46,There are nurses not getting vaccinated,0.81,
80,https://i.redd.it/26hxhtrhwky71.png,35125,,10/11/21 3:18,With the increase of holiday traffic..,0.91,
3,https://i.redd.it/nac7m2q78k381.jpg,34201,,5/12/21 6:22,Hmmm..,0.95,
79,https://i.redd.it/5iwqcnh5wj081.png,33125,,20/11/21 2:03,there's no hiding from the machine. but your mom doesn't need to know that waluigi hentai makes you squirm,0.92,
83,https://i.redd.it/x2kp0xyuh7v51.png,32897,,25/10/21 21:57,American healthcare is more expensive and more profitable for insurers because we let this happen too .,0.92,
3,https://i.redd.it/qxvjqvzlm3381.gif,32614,,2/12/21 22:33,It only takes one,0.91,
34,https://i.redd.it/o1kyl9ji48381.jpg,32216,,3/12/21 13:40,"Monke see, monke do",0.86,
75,https://i.redd.it/gh1ahn4omf381.gif,29867,,4/12/21 14:54,later skater,0.97,
30,https://i.redd.it/k2t9bga4gi381.jpg,28276,,5/12/21 0:24,2 Brothers,0.89,
94,https://i.redd.it/mzczmxokv8x71.jpg,28247,,3/11/21 9:47,A thought I had earlier today...,0.76,
18,https://i.imgur.com/T01sGc9.png,27935,,27/11/21 2:31,"Think twice about that ""deal""",0.89,
29,https://i.redd.it/lu6pvaxdqi381.gif,27806,,5/12/21 1:21,The real suicide squad,0.9,
50,https://i.redd.it/isikefy7qzy71.jpg,27247,,12/11/21 5:09,It's like Instagram stories up in here,0.92,
97,https://i.redd.it/hbe1bj9qvd381.gif,27038,,4/12/21 9:03,This is spARTa.,0.96,
40,https://i.redd.it/h8gdbchxj7u71.jpg,22776,,19/10/21 2:07,With the passing of Colin Powell...,0.78,
39,https://i.redd.it/w3bol03uxdw71.jpg,22759,,30/10/21 1:44,"Costco, Bank of America and Starbucks tho",0.82,
2,https://i.redd.it/ouu9655947161.jpg,22574,,25/11/20 3:11,Haha updoot now,0.86,
6,https://i.redd.it/9p31vud55i381.gif,21770,,4/12/21 23:22,That's what I want,0.9,
73,https://i.redd.it/mp85qt9mfb381.gif,21308,,4/12/21 0:48,Secks,0.93,
32,https://i.redd.it/92krg2gaimw71.jpg,20881,,31/10/21 6:33,It's getting annoying,0.91,
24,https://i.redd.it/vyf3t6klr5381.jpg,20295,,3/12/21 5:44,I suck,0.93,
40,https://i.redd.it/rt3xs9uyai381.gif,20121,,4/12/21 23:54,I'M SORRY SO PLS GET OUT OF MY HEAD,0.93,
3,https://imgur.com/PJ16Z1x.jpg,20050,,27/11/21 17:43,Pavlov's Dog,0.94,
3,https://i.redd.it/u9c45g2qckn51.jpg,19650,,17/09/20 7:44,"Please stop, I don‚Äôt know how much more I can take",0.9,
69,https://i.imgflip.com/5qfhbr.jpg,19537,,15/10/21 7:15,Re: the roughly 200 former Delta employees who have been fired for not getting vaccinated,0.86,
61,https://i.redd.it/c92mtwrj0vy71.jpg,19242,,11/11/21 13:18,When my wife tells me to go shower randomly in the afternoon,0.94,
7,https://i.redd.it/fpc5jd9huh381.jpg,18774,,4/12/21 22:22,I ran man!!,0.94,
2,https://i.redd.it/p8g57x2r04381.jpg,18714,,2/12/21 23:52,Do it...,0.94,
50,https://i.redd.it/l4lf3ysdcyt71.jpg,18271,,17/10/21 19:09,Fucking Gatekeeping Assholes. Why Even Have a Sub If You Don‚Äôt Want to Discuss Things?!,0.88,
77,https://i.redd.it/20kfoz54ji381.gif,18192,,5/12/21 0:40,Just don't say it,0.96,
77,https://i.redd.it/20kfoz54ji381.gif,18182,,5/12/21 0:40,Just don't say it,0.96,
22,https://i.redd.it/kijco9doetw71.jpg,18088,,1/11/21 5:46,Most Important Thing To Remember Tonight,0.94,
5,https://i.redd.it/fuvdg5av92081.jpg,17977,,17/11/21 14:49,2001 vs 2021. 20 years later and some things don't change.,0.92,
16,https://i.redd.it/kz58t880sh381.jpg,17879,,4/12/21 22:08,I'll see y'all in the nuclear bunkers.,0.97,
14,https://i.redd.it/6n93tv37w7181.jpg,17758,,23/11/21 10:45,Did I go too far back?,0.92,
65,https://i.redd.it/7fatommihe381.png,17682,,4/12/21 11:04,Tea in other Languages meme,0.92,
13,https://i.redd.it/diidnerflj381.jpg,17505,,5/12/21 4:14,Middle school (society),0.97,
62,https://i.redd.it/80qkod7fv5381.gif,17419,,3/12/21 6:06,Hehe I died,0.98,
20,https://i.redd.it/z3fhxdfk6nu71.jpg,17291,,21/10/21 6:41,If only more people were this accepting,0.77,
54,https://imgur.com/AFqIxiq.jpg,17233,,6/11/21 3:16,Silently fighting back,0.8,
1,https://i.redd.it/l1hm1j5qyh381.jpg,17007,,4/12/21 22:45,Wise words from Captain Salazar,0.98,
34,https://i.imgur.com/35HjQpV.jpg,16872,,14/11/21 3:20,Being an American redditor at 3:00am,0.94,
79,https://i.imgur.com/sujUUBD.jpg,16422,,26/10/21 11:10,I haven't missed spending 2 hours a day bumping into someone's armpit on a train into one of the most polluted cities in the world.,0.91,
69,https://i.redd.it/ryee5q1zlb381.gif,16420,,4/12/21 1:23,Story of little man's little man,0.96,
87,https://i.imgur.com/eO6KIL3.jpg,16288,,4/11/21 1:51,"Oops, looks like I found one!",0.92,
46,https://i.redd.it/ndq1wp6bam181.png,16206,,25/11/21 11:10,Sorry not sorry,0.93,
56,https://i.redd.it/0zg6trx4vi381.jpg,15489,,5/12/21 1:47,Could someone get him home?,0.98,
56,https://i.redd.it/0zg6trx4vi381.jpg,15484,,5/12/21 1:47,Could someone get him home?,0.98,
3,https://i.redd.it/pulvq92ys6381.gif,15380,,3/12/21 9:13,They sell themselves to the highest bidder,0.96,
48,https://i.redd.it/ic6lyt28jcx71.gif,15361,,3/11/21 22:05,Invest in punching Nazi's,0.84,
0,https://i.redd.it/6pimcrjxz6381.jpg,15282,,3/12/21 9:53,These templates and others asking to add to post and repost are Mass trends and similar to chainposting. They will result in a ban.,0.91,
0,https://i.redd.it/6pimcrjxz6381.jpg,15280,,3/12/21 9:53,These templates and others asking to add to post and repost are Mass trends and similar to chainposting. They will result in a ban.,0.91,
22,https://i.redd.it/mm3z0cw667y71.jpg,15003,,8/11/21 5:07,Videos about performers stopping the show for their audience,0.94,
87,https://i.redd.it/1aipuj1g0e381.png,15001,,4/12/21 9:28,Your free trial to happiness expires with puberty,0.97,
32,https://i.redd.it/x2byy4396c381.gif,14492,,4/12/21 3:17,Siemce,0.98,
6,https://i.redd.it/m9xbyvzoqk381.gif,14415,,5/12/21 8:06,Angry,0.98,
27,https://i.redd.it/cly6renkwfu71.jpg,14357,,20/10/21 6:13,"My amazing wife, ladies and gentlemen.",0.91,
70,https://i.redd.it/ye11iavopi381.gif,14309,,5/12/21 1:17,Removes 99% of germs,0.99,
70,https://i.redd.it/ye11iavopi381.gif,14299,,5/12/21 1:17,Removes 99% of germs,0.99,
93,https://i.redd.it/q57j68zi14381.jpg,14183,,2/12/21 23:56,Moo-ve aside,0.98,
0,https://www.imgur.com/yRQvesi.jpg,14075,,23/10/21 14:14,People you see while waiting for a take away coffee,0.9,
68,https://i.redd.it/isrsw3x61h381.jpg,13381,,4/12/21 19:37,Wooooahh it truly is guys,0.98,
49,https://i.redd.it/vc3upjphjd381.png,13303,,4/12/21 7:58,NTSC was way ahead of its time,0.95,
10,https://i.redd.it/zfdspnar9i381.jpg,13254,,4/12/21 23:47,My biggest online flex,0.93,
69,https://i.redd.it/3xb43cub7kx71.png,13243,,4/11/21 23:55,"And it's an open floor plan, ffs.",0.88,
16,https://i.imgur.com/oo9ynaN.jpg,13233,,21/10/21 17:18,Some men just wanna watch the world get a little more agitated,0.89,
24,https://imgur.com/THZNphF.jpg,12967,,1/11/21 1:26,Every damn day,0.96,
1,https://i.redd.it/52cl2whw3l381.jpg,12906,,5/12/21 9:20,"It‚Äôs a $20 limit, what do you expect?",0.96,
10,https://i.redd.it/cd2j0pp01k381.gif,12746,,5/12/21 5:45,development,0.98,
84,https://i.redd.it/l0a2rznrah381.jpg,12727,,4/12/21 20:32,We should actually thank them for discovering the virus so fast and there is no evidence supporting omicron came from south africa,0.97,
36,https://i.imgur.com/X73uSV1.jpg,12589,,4/12/21 3:13,Fight it out in the comments,0.98,
52,https://i.redd.it/8oh9epx3qf381.jpg,12547,,4/12/21 15:14,Whose mans is this,0.96,
40,https://i.redd.it/eqc58fy4ij381.jpg,12483,,5/12/21 3:56,I subscribed‚Ä¶,0.91,
40,https://i.redd.it/eqc58fy4ij381.jpg,12481,,5/12/21 3:56,I subscribed‚Ä¶,0.91,
96,https://i.redd.it/wacpuoaloe381.jpg,12227,,4/12/21 11:43,Sad noises.,0.95,
94,https://i.redd.it/1v6jmtl6jav71.jpg,12064,,24/10/21 13:13,I was supposed to wake her up an hour ago.,0.93,
6,https://i.redd.it/x50glkry1g381.jpg,11673,,4/12/21 16:20,He's got a point,0.96,
44,https://i.redd.it/d1h47d0y6i381.jpg,11597,,4/12/21 23:31,The debt economy,0.98,
80,https://i.redd.it/huz8ri908f281.jpg,11576,,29/11/21 12:30,"You're tall and wearing clean clothes, so you're probably about 70.",0.96,
28,https://i.redd.it/s0eyzud1f4381.png,11560,,3/12/21 1:13,Don't lose hope over the Roe,0.79,
7,https://i.redd.it/5un8gzbdzl381.jpg,11526,,5/12/21 12:16,I sometimes hate my self,0.98,
6,https://i.redd.it/5un8gzbdzl381.jpg,11506,,5/12/21 12:16,I sometimes hate my self,0.98,
10,https://i.redd.it/k3du8yshll381.gif,11310,,5/12/21 10:58,Having Christmas dinner in the back ain't good,0.99,
10,https://i.redd.it/k3du8yshll381.gif,11268,,5/12/21 10:58,Having Christmas dinner in the back ain't good,0.99,
31,https://i.imgur.com/oLK4zcd.jpg,11224,,23/11/21 0:04,Business cat loves old memes,0.96,
75,https://i.redd.it/em38iyv6lb381.jpg,11200,,4/12/21 1:19,Gonna Cry?,0.98,
63,https://i.redd.it/jajo1bndvmt71.jpg,11074,,16/10/21 4:35,Someone actually gets paid for this,0.93,
51,https://i.redd.it/3eru1l093j381.png,11037,,5/12/21 2:33,ohhhhhhhhhh crap ....... here goes my chance with trisha,0.98,
51,https://i.redd.it/3eru1l093j381.png,11034,,5/12/21 2:33,ohhhhhhhhhh crap ....... here goes my chance with trisha,0.98,
10,https://i.imgur.com/mWqswkY.png,10792,,2/11/21 9:07,"""This is what I wear everyday""",0.91,
12,https://i.redd.it/2dv7b928qay71.jpg,10643,,8/11/21 17:05,I already miss it!,0.93,
38,https://i.redd.it/gep602k1gf381.gif,10571,,4/12/21 14:18,Master of plank of wood style,0.99,
54,https://i.redd.it/mv1hhgeyz6w71.jpg,10527,,29/10/21 2:24,"In my defense, I am Canadian",0.95,
97,https://i.redd.it/j3zoy47m88v71.jpg,10399,,24/10/21 5:30,My 73 year old mum had to take her first nasal and throat Covid test yesterday...,0.95,
48,https://i.redd.it/5m3gd8hca2u71.jpg,10266,,18/10/21 8:25,I love her to death but after 10 years...,0.91,
74,https://i.redd.it/7ubsb61bnq081.jpg,10256,,21/11/21 0:45,It‚Äôs fucking crickets over there,0.69,
42,https://i.redd.it/0rq2o8ze9jx71.jpg,10203,,4/11/21 20:43,Valuation in pounds going up,0.96,
55,https://i.redd.it/6vnvwxkc0j381.jpg,10197,,5/12/21 2:16,Depression hits different,0.97,
55,https://i.redd.it/6vnvwxkc0j381.jpg,10193,,5/12/21 2:16,Depression hits different,0.97,
83,https://i.redd.it/dy5l3oqcte381.gif,10160,,4/12/21 12:17,She's a keeper,0.94,
14,https://i.redd.it/5pbppbelmwz71.jpg,10134,,16/11/21 19:48,Invest in not taking life so seriously,0.97,
81,https://i.redd.it/ilkf2ayl4a381.png,9982,,3/12/21 20:24,date supremacy,0.86,
12,https://i.redd.it/s2aji9fh9h381.jpg,9911,,4/12/21 20:24,Crispy Meme #500,0.99,
75,https://i.redd.it/zr9nkhhrq7381.jpg,9848,,3/12/21 12:23,Imagine actually playing league,0.96,
31,https://i.redd.it/xof2mtdf5j381.jpg,9694,,5/12/21 2:45,FUN FOR THE WHOLE FAMILY,0.98,
64,https://i.redd.it/cy8ntd7dch381.png,9637,,4/12/21 20:41,I'm not fat I'm big boned,0.99,
57,https://i.redd.it/ev5taq5ni8381.gif,9628,,3/12/21 14:59,Hope it's not just my phone.,0.94,
57,https://i.redd.it/jzudmdgkvh381.gif,9604,,4/12/21 22:28,Rule no 1 works every time,0.98,
74,https://i.redd.it/c1b5dnud3f381.jpg,9578,,4/12/21 13:06,The ‚Äúqueen‚Äù of Christmas,0.98,
61,https://i.redd.it/1wmcvg4zwg381.gif,9553,,4/12/21 19:14,The most oppressed race.,0.98,
93,https://i.redd.it/v339v7fdli381.jpg,9417,,5/12/21 0:52,EnGiNeEr oR DoCtOr SoN?,0.95,
92,https://i.redd.it/v339v7fdli381.jpg,9410,,5/12/21 0:52,EnGiNeEr oR DoCtOr SoN?,0.95,
74,https://i.redd.it/j4kyn71i6fs71.jpg,9169,,10/10/21 1:38,Ha ha ha üòÇ,0.93,
24,https://i.redd.it/foclln4v4ry71.jpg,9168,,11/11/21 0:15,get rekt,0.93,
96,https://media.makeameme.org/created/oh-you-want-887c08a189.jpg,9161,,18/11/21 16:30,"This is counterproductive, brain.",0.94,
77,https://i.redd.it/ipb62kun0h381.gif,9114,,4/12/21 19:35,Get some help,0.98,
21,https://i.redd.it/f7fgrdebae381.gif,9102,,4/12/21 10:23,I swear if my run is .0006 seconds slower...,0.98,
70,https://i.redd.it/4ehqw0iodlu71.jpg,9051,,21/10/21 0:37,school sucks isnt that right fellow kids,0.96,
5,https://i.redd.it/bcraqg67el381.jpg,9049,,5/12/21 10:18,facts,0.81,
28,https://i.redd.it/rvjbayeaeeu71.png,8966,,20/10/21 1:10,When someone halfheartedly mumbles to you from the other room,0.96,
40,https://i.redd.it/j5j8valjj9z71.jpg,8916,,13/11/21 14:12,"22+ years of 6-7 day workweeks with no vacations gets a bit tedious at times, and yesterday's Veteran's Day was exceptionally enjoyable.",0.88,
18,https://i.redd.it/wn6f18fdmtz71.jpg,8894,,16/11/21 9:41,I‚Äôm looking at you... EVERY HBO SHOW,0.97,
79,https://i.redd.it/chnyml7qj1181.jpg,8882,,22/11/21 13:25,Old memes are back? Karate Kyle approves.,0.95,
39,https://i.imgur.com/IXaQuhq.jpg,8859,,7/11/21 5:22,I gather some people died.,0.83,
61,https://i.imgur.com/iWKeXa0.png,8825,,28/10/21 19:03,To anyone afraid to break the news and advance their career...,0.91,
90,https://i.redd.it/fyvo08d7li381.jpg,8796,,5/12/21 0:51,i got superpowers,0.97,
90,https://i.redd.it/fyvo08d7li381.jpg,8788,,5/12/21 0:51,i got superpowers,0.97,
46,https://i.redd.it/u4hsk1swdj381.jpg,8787,,5/12/21 3:32,The Double Standard is unbelievable,0.99,
46,https://i.redd.it/u4hsk1swdj381.jpg,8781,,5/12/21 3:32,The Double Standard is unbelievable,0.99,
32,https://i.imgur.com/UQE9Yac.jpg,8686,,2/12/21 14:20,Can‚Äôt find it anywhere,0.95,
70,https://i.redd.it/ojru8609gzx71.png,8595,,7/11/21 3:09,"What is an ""anime teacher""?",0.94,
75,https://i.redd.it/fy3xh12a90w71.jpg,8526,,28/10/21 3:44,the leo face is just painful,0.94,
32,https://i.redd.it/tjbvjlsc0k381.gif,8507,,5/12/21 5:38,Self roast?,0.93,
32,https://i.redd.it/tjbvjlsc0k381.gif,8501,,5/12/21 5:38,Self roast?,0.93,
98,https://i.redd.it/ebwtdlypnjx71.jpg,8478,,4/11/21 22:02,Fuck xavier,0.97,
46,https://i.redd.it/ccw1cbpjnq281.gif,8427,,1/12/21 2:55,Invest,0.95,
96,https://i.redd.it/x7rgqv25ji381.jpg,8425,,5/12/21 0:40,Definitely lazy lol,0.98,
96,https://i.redd.it/x7rgqv25ji381.jpg,8421,,5/12/21 0:40,Definitely lazy lol,0.98,
59,https://i.redd.it/i4dpmml5yb381.jpg,8316,,4/12/21 2:32,Thank you come again,0.98,
48,https://i.redd.it/68xzzr60ncw71.jpg,8269,,29/10/21 21:23,the machine goes krrrrrrrr,0.96,
52,https://i.redd.it/1rqoblidb2181.jpg,8202,,22/11/21 16:00,Tf is this,0.94,
45,https://i.redd.it/96v5kbsufi381.jpg,8197,,5/12/21 0:22,life's a bitch (and then you die),0.99,
3,https://i.redd.it/d4au5iekmzu71.png,8131,,23/10/21 0:34,When the pet store is 99% certain that the two rabbits you are purchasing are the same gender,0.97,
54,https://i.redd.it/io619tbwx4381.gif,8123,,3/12/21 2:58,Pick a fight already....,0.97,
58,https://i.redd.it/8c15h0v1wh381.jpg,8092,,4/12/21 22:30,"do nit mind the ""Travel back in time""",0.94,
38,https://i.redd.it/fz81labkpf381.jpg,8087,,4/12/21 15:10,The cretins who write this,0.93,
85,https://i.imgur.com/8QOUSRm.png,8064,,19/11/21 8:27,There are multiple politically charged trials going on right now. This is something important for all to keep in mind when they reach their conclusions.,0.86,
69,https://www.reddit.com/gallery/qfrnsg,8062,,26/10/21 11:05,Invest in US Army recruiter,0.97,
4,https://i.redd.it/1uron8oywc381.gif,7973,,4/12/21 5:47,Am I doing it right?,0.99,
97,https://i.redd.it/2grtlwa1li381.jpg,7886,,5/12/21 0:50,I HAVE BECOME A FUCKING GOD!!!,0.98,
97,https://i.redd.it/2grtlwa1li381.jpg,7883,,5/12/21 0:50,I HAVE BECOME A FUCKING GOD!!!,0.98,
87,https://i.redd.it/f7lnajcxdjy71.jpg,7880,,9/11/21 22:12,Invest in becoming thomas the tank engine.,0.94,
60,https://i.imgur.com/iP5OIjc.png,7864,,5/11/21 14:08,"As a bored English teacher, sorting by new is painful for me",0.92,
15,https://i.redd.it/qxrg92hnai381.jpg,7827,,4/12/21 23:52,*Owen wilson wow*,0.98,
87,https://i.redd.it/7y9tuipv98s71.jpg,7802,,9/10/21 2:25,So Epic! üòÇ,0.96,
2,https://i.redd.it/86u0gjczgh381.jpg,7792,,4/12/21 21:06,Holyyyy.....,0.98,
51,https://i.imgur.com/1ekskAQ.jpg,7760,,6/11/21 15:05,Heard this BS today at work,0.96,
34,https://i.redd.it/7wbpqyr5sj381.png,7736,,5/12/21 4:52,the stars have aligned,0.99,
34,https://i.redd.it/7wbpqyr5sj381.png,7728,,5/12/21 4:52,the stars have aligned,0.99,
43,https://i.redd.it/pis03v1liku71.jpg,7668,,20/10/21 21:43,Fresh out the blocks - this has huge upside potential for memeing with massive returns,0.98,
39,https://i.imgur.com/lZuwdTV.png,7660,,18/11/21 3:14,üòÇüòÇüòÇüòÇüòÇüòÇ India Number One üòÇüòÇüòÇüòÇüí™üí™üí™,0.94,
66,https://i.imgur.com/NoOA1Za.gif,7628,,3/12/21 20:53,You dense mofo,0.99,
93,https://i.imgur.com/FUSNcio.jpg,7615,,9/11/21 16:04,Times are tough for the tooth fairy,0.95,
5,https://i.redd.it/bhpvq5csdi381.jpg,7611,,5/12/21 0:10,The nature man,0.98,
46,https://i.redd.it/mnjrz8xpgi381.jpg,7489,,5/12/21 0:26,"What up, my fellow scrotes?",0.98,
17,https://i.redd.it/qyo7gc97xr181.gif,7478,,26/11/21 6:06,Rage phone throw template. Invest for stonks,0.97,
0,https://i.redd.it/qhspbtsii7281.jpg,7450,,28/11/21 10:33,It‚Äôs the 90‚Äôs all over again,0.96,
62,https://i.redd.it/f6eh8u362c381.png,7443,,4/12/21 2:56,"If I ever get into a relationship, I am fine with either of these two",0.94,
86,https://i.redd.it/z3nfchpb8cu71.png,7438,,19/10/21 17:51,"ah yes, comedy gold: misogyny",0.91,
31,https://i.redd.it/q3kz8t7k04381.gif,7422,,2/12/21 23:51,this land is cursed,0.97,
74,https://i.redd.it/lf55pix2uh381.gif,7375,,4/12/21 22:19,Welcome demons,0.98,
54,https://i.redd.it/vkzjq05juh381.jpg,7342,,4/12/21 22:22,Maybe I should get Spotify Premium after all...,0.98,
18,https://i.imgur.com/nXSdyGB.jpg,7316,,5/12/21 5:32,People are,0.96,
58,https://i.redd.it/g21xrk0n17y71.jpg,7299,,8/11/21 4:41,"Yep, smarter than Einstein.",0.96,
38,https://i.redd.it/03il2wx3bh381.png,7282,,4/12/21 20:33,Yes! I wo- wait what?,0.96,
46,https://i.redd.it/aciufsy0c9w71.png,7279,,29/10/21 10:16,"Maybe ""Meta"" is short for metastatic?",0.94,
49,https://i.redd.it/np8upg4rmf381.gif,7207,,4/12/21 14:55,later skater,0.97,
69,https://i.redd.it/fk5wbly73wv71.jpg,7148,,27/10/21 13:43,"Me: ‚Äúdo you like Nirvana and Pearl Jam?‚Äù My nephew: ‚ÄúYeah, I love classic rock‚Äù",0.92,
23,https://i.redd.it/nhywt7u0wc381.gif,7136,,4/12/21 5:41,Am I the only one?,0.91,
9,https://i.redd.it/q6q0htnq8f381.png,7127,,4/12/21 13:36,Doge Evolution,0.96,
99,https://i.redd.it/26ejfr2jhmw71.jpg,7037,,31/10/21 6:29,Invest in Dr. Doofenshmirtz,0.96,
56,https://i.imgur.com/Ia6CVuf.jpg,6997,,6/11/21 2:12,My wife was distraught this morning because she dreamed I was cheating on her. I asked her if the other woman was hot,0.95,
27,https://i.redd.it/prqmx512hyw71.jpg,6947,,1/11/21 22:48,Kids nowadays...,0.96,
6,https://i.redd.it/tb4tfp0ngm381.gif,6938,,5/12/21 13:53,Still paranoid that one day this'll happen,0.99,
5,https://i.redd.it/tb4tfp0ngm381.gif,6884,,5/12/21 13:53,Still paranoid that one day this'll happen,0.99,
21,https://i.redd.it/mzj6jokfa8y71.jpg,6767,,8/11/21 8:53,I'm beginning to think college was a terrible idea.,0.97,
64,https://i.redd.it/ib0pgzzba6381.jpg,6714,,3/12/21 7:29,Breaking bad,0.99,
57,https://i.redd.it/r5r93y4gig381.jpg,6708,,4/12/21 17:52,Sounds about right,0.96,
50,https://i.redd.it/nfn4vksahzu71.jpg,6693,,23/10/21 0:03,HAAHAA FuNnY SeXxS jokEü§¨üôÑüôÑü§™,0.94,
93,https://i.redd.it/8jzo1ccoq7z71.jpg,6669,,13/11/21 8:06,Crazy how social media platforms have similarities,0.95,
62,https://i.redd.it/dkgvg1geev081.jpg,6587,,21/11/21 16:44,I‚Äôm just going to ask you again..,0.92,
12,https://i.redd.it/r8kkzncx2lv71.jpg,6586,,26/10/21 0:41,From the treasure trove of youknowwhere,0.96,
17,https://i.redd.it/v988t14pkh381.jpg,6547,,4/12/21 21:37,Every goddamn time,0.94,
4,https://i.imgur.com/QQonsBD.png,6543,,22/10/21 17:44,And not even a drop off pee around the base of the toilet...,0.82,
73,https://i.redd.it/076ujgtl2j381.jpg,6503,,5/12/21 2:29,At least we don't have to pay for them,0.96,
73,https://i.redd.it/076ujgtl2j381.jpg,6492,,5/12/21 2:29,At least we don't have to pay for them,0.96,
0,https://i.redd.it/y9k4to0g2ey71.jpg,6462,,9/11/21 4:18,Invest in Matthew McConaughey Oscar win moment,0.98,
8,https://i.redd.it/nhir3bh8q2u71.png,6426,,18/10/21 9:54,"""Destroyed"" by a roast that doesn't make sense.",0.93,
14,https://i.redd.it/ujcej9brj5381.jpg,6354,,3/12/21 5:00,Great success,0.99,
80,https://i.redd.it/xtrt21v4ndz71.jpg,6352,,14/11/21 3:57,Just what the fuck is this,0.98,
39,https://i.imgur.com/T1ULlM8.jpg,6329,,2/12/21 4:17,"Take THAT, karma farming bot.",0.94,
74,https://i.redd.it/6i31nbxa4jv71.jpg,6308,,25/10/21 18:05,Invest in sad vs happy cricket fan!,0.96,
39,https://i.redd.it/7slj4p4njky71.jpg,6307,,10/11/21 2:06,Babe whaaaat?,0.95,
8,https://www.reddit.com/gallery/qiebws,6299,,30/10/21 3:40,Invest in Danny Devito setting fire,0.98,
90,https://i.redd.it/ulueuqxsmsv71.png,6297,,27/10/21 2:05,Haha elon musk funi,0.94,
85,https://i.redd.it/h0odflp3esx71.jpg,6286,,6/11/21 3:25,Omg deal is so worth it guys am so right üòÇüòÇüòÇ,0.97,
21,https://i.redd.it/dvrxp6q10k381.gif,6224,,5/12/21 5:37,Humor based on my pain..ha ha!,0.95,
81,https://i.redd.it/d2dwy4z1j5281.jpg,6214,,28/11/21 3:52,thanks for the tutorial,0.95,
75,https://i.redd.it/k6jwr4t710x71.jpg,6166,,2/11/21 4:02,You are cordially invited to invest in this new template being brought to market today,0.97,
2,https://i.redd.it/1b6tukf1on381.gif,6095,,5/12/21 17:57,Sad :///////////////////,0.98,
79,https://i.imgur.com/aj8fOpx.jpg,6029,,14/10/21 22:52,Comey = dead,0.98,
44,https://i.redd.it/eehxt9ybmj381.jpg,5982,,5/12/21 4:19,"My ""Spidy Sense"" is tingling.",0.98,
43,https://i.redd.it/eehxt9ybmj381.jpg,5981,,5/12/21 4:19,"My ""Spidy Sense"" is tingling.",0.98,
26,https://i.redd.it/v9q6io3adt181.jpg,5949,,26/11/21 10:59,"I don't need your life story, I just want to make a pie",0.94,
12,https://i.redd.it/5z7ycsn8ntu71.jpg,5942,,22/10/21 4:25,The daily struggle to get healthy is real,0.96,
2,https://i.redd.it/1b6tukf1on381.gif,5909,,5/12/21 17:57,Sad :///////////////////,0.98,
23,https://i.redd.it/vdanueoyci381.jpg,5852,,5/12/21 0:05,I love u mom,0.98,
0,https://i.redd.it/a6x3mb87hi081.jpg,5850,,19/11/21 21:17,Brain size:large,0.97,
18,https://i.redd.it/trohyvtcd1t71.jpg,5614,,13/10/21 4:16,mark lizard,0.93,
54,https://i.redd.it/oc312ztkn6w71.jpg,5585,,29/10/21 1:14,"Yes, Indeed",0.96,
85,https://i.redd.it/9011llq4wi381.jpg,5553,,5/12/21 1:53,Almond milk.,0.97,
85,https://i.redd.it/9011llq4wi381.jpg,5548,,5/12/21 1:53,Almond milk.,0.97,
48,https://i.redd.it/x4eu0ifqe5181.jpg,5547,,23/11/21 2:24,Haha Funny,0.95,
15,https://i.redd.it/2cdsg70mug381.jpg,5539,,4/12/21 19:01,Is that you too?,0.97,
76,https://i.redd.it/k6x5b0dqze381.png,5516,,4/12/21 12:46,"It's funny, right?",0.99,
67,https://i.redd.it/70qwafqx7j381.jpg,5504,,5/12/21 2:59,Drugs are so bad,0.98,
67,https://i.redd.it/70qwafqx7j381.jpg,5502,,5/12/21 2:59,Drugs are so bad,0.98,
19,https://i.redd.it/dn4xeuakdfv71.jpg,5430,,25/10/21 5:30,um... wtf?,0.96,
91,https://i.redd.it/s381j8k19ev71.jpg,5383,,25/10/21 1:44,I meant hand sanitizer...,0.93,
86,https://i.redd.it/in3qj4cshq081.jpg,5379,,21/11/21 0:14,Wife = Bad,0.98,
26,https://i.redd.it/32ichw3soa381.jpg,5348,,3/12/21 22:17,They didnt even crop the repost properly,0.95,
18,https://i.redd.it/z0r5j8xztb081.jpg,5336,,18/11/21 22:56,"The last part can make even the best meme lose all of its comedic power. Here, its even worse",0.97,
3,https://i.redd.it/f1xqpw2cudx71.jpg,5330,,4/11/21 2:29,The emkay sub is full of this shit,0.96,
36,https://i.imgur.com/fbfY9ps.png,5327,,5/12/21 2:45,This is not OK,0.95,
50,https://i.redd.it/qlf18th72ot71.jpg,5310,,16/10/21 8:34,Now laugh,0.98,
12,https://i.redd.it/efoek26ma0u71.jpg,5294,,18/10/21 1:43,How's this one?,0.98,
59,https://i.redd.it/5ahdtzxtcqz71.jpg,5283,,15/11/21 22:42,Elon Musk invented comedy he is funny man,0.97,
33,https://i.redd.it/efvra7itc3y71.jpg,5280,,7/11/21 16:17,My wife couldn‚Äôt think of ‚Äúdemolition derby‚Äù,0.96,
37,https://i.redd.it/1j4rcv3g1j381.jpg,5260,,5/12/21 2:22,The fuc**** place where Stranger Things started,0.98,
97,https://i.redd.it/insmuyrps7x71.jpg,5241,,3/11/21 6:09,Regarding Facebook‚Äôs promise to delete the face scan data it has for its billion+ users,0.97,
49,https://i.redd.it/032is6uyyns71.jpg,5218,,11/10/21 7:12,So funny that I didn't laugh,0.96,
11,https://i.redd.it/21qsrqknmk381.jpg,5149,,5/12/21 7:43,Did someone use this line before?,0.98,
4,https://i.redd.it/s7n6wlhk2v181.png,5124,,26/11/21 16:42,"Women, amirite fellas?",0.97,
78,https://i.redd.it/5x1jelzubhu71.jpg,5112,,20/10/21 11:00,Anyone know when this will start airing?,0.96,
14,https://i.redd.it/v7hfp1j7nl181.png,5098,,25/11/21 9:00,Gues the subway,0.98,
11,https://i.redd.it/u6anbsaoed381.jpg,5084,,4/12/21 7:26,"Oh no, doesn‚Äôt bother me",0.96,
16,https://i.redd.it/ij8gx3rz20281.jpg,5080,,27/11/21 9:33,The bubbles,0.96,
19,https://i.redd.it/zhdftj1hf7381.gif,5073,,3/12/21 11:20,No one knew,0.99,
94,https://i.redd.it/e7qmfnjwif381.jpg,5059,,4/12/21 14:33,Excuse me what the heck,0.98,
96,https://www.reddit.com/gallery/qwuqa8,5029,,19/11/21 6:23,Invest in the continuation of that comic,0.97,
66,https://i.imgur.com/IcSDjc2.jpg,5028,,4/12/21 22:06,Olga left me üò≠,0.96,
54,https://i.redd.it/145tod5ctk181.jpg,5026,,25/11/21 6:12,It was so satisfying,0.91,
52,https://i.redd.it/p29hdrte1cy71.jpg,5021,,8/11/21 21:29,"It's always funny when it's about gays, right??",0.96,
8,https://i.redd.it/0q1gqlama8x71.png,5016,,3/11/21 7:49,Not Linda!!!1!11!111!!!!,0.98,
59,https://i.imgur.com/25mfFka.png,4996,,1/12/21 5:08,Watching the CEO of my last job responding personally to the deluge of negative Glassdoor reviews,0.98,
38,https://i.redd.it/rvunqcl4zj381.gif,4987,,5/12/21 5:32,I'm the expert here,0.98,
38,https://i.redd.it/rvunqcl4zj381.gif,4983,,5/12/21 5:32,I'm the expert here,0.98,
51,https://www.reddit.com/gallery/qs2f69,4976,,12/11/21 16:35,"Simple, Exploitable. Invest",0.98,
16,https://i.redd.it/izkdgyv2n3x71.jpg,4955,,2/11/21 16:10,Today's generation is a bunch of Adult Babies!,0.97,
69,https://i.redd.it/qtqk6m6ojg181.jpg,4945,,24/11/21 15:51,Y‚Äôall seen that new Kid Rock video?,0.92,
60,https://i.redd.it/z2b9focz3i381.gif,4930,,4/12/21 23:15,Totally worth the $40k+ in debt,0.99,
37,https://i.redd.it/e9ikd61dka181.jpg,4908,,23/11/21 19:44,This shit is in another level,0.96,
41,https://i.redd.it/ppxh6dbwass71.jpg,4899,,11/10/21 21:46,That Accident Though !!,0.97,
6,https://i.redd.it/406n5jl1ob381.jpg,4871,,4/12/21 1:35,Time to invest in Chad Patrick!,0.97,
61,https://i.redd.it/qgfrnj368f381.jpg,4848,,4/12/21 13:33,Better clear my browser history after that one‚Ä¶,0.97,
91,https://i.redd.it/ji0cselk5n081.jpg,4843,,20/11/21 13:00,Extreme laugh induced,0.96,
92,https://i.redd.it/rffwm2j0l9281.jpg,4799,,28/11/21 17:30,INVEST IN NFT‚Äôsüò§,0.94,
15,https://i.redd.it/9qdfit2cgk381.jpg,4707,,5/12/21 7:08,mom I‚Äôm gonna be a 6ft man one day,0.99,
62,https://i.redd.it/kt6p1bxypa381.gif,4694,,3/12/21 22:24,This is fine...,0.96,
90,https://i.redd.it/17w5lqpxmd281.jpg,4692,,29/11/21 7:09,If not the color then at least something that suggests the color,0.96,
21,https://i.redd.it/sg24uc26yk381.png,4684,,5/12/21 8:48,This is so scary,0.96,
11,https://www.reddit.com/gallery/qvecdj,4679,,17/11/21 7:22,Invest in self doubt Spider-Man,0.99,
21,https://i.redd.it/sg24uc26yk381.png,4676,,5/12/21 8:48,This is so scary,0.96,
5,https://i.redd.it/cb9ednlft4381.jpg,4656,,3/12/21 2:33,Please stop,0.93,
48,https://i.redd.it/nhjaom09aey71.jpg,4596,,9/11/21 5:03,69420 FUNNY üòÇüòÇ,0.98,
7,https://i.redd.it/qs84txmdfq181.jpg,4567,,26/11/21 1:05,Jon cena???,0.98,
29,https://i.imgur.com/ipa9obT.jpg,4544,,3/12/21 5:41,a day in the life,0.97,
14,https://i.redd.it/xj65nodpv5t71.jpg,4533,,13/10/21 19:26,Tesla and it‚Äôs autopilot :,0.97,
52,https://i.redd.it/k5f0hz327mt71.jpg,4530,,16/10/21 2:18,He‚Äôs 18 now,0.98,
3,https://i.redd.it/qx28f493ig381.jpg,4497,,4/12/21 17:50,I salute thee,0.98,
34,https://i.imgur.com/fyWWxHO.jpg,4478,,7/11/21 15:22,Travis Scott continued playing at Astroworld while ambulances were prevented from rescuing people injured in a stampede (8 now dead),0.94,
47,https://i.imgur.com/E9zHM2G.jpg,4478,,1/12/21 0:25,On Quora,0.97,
79,https://i.redd.it/2a0c5oc3ie381.png,4457,,4/12/21 11:07,the mirror guard never sleeps,0.97,
27,https://i.redd.it/x906ogh0c6y71.jpg,4449,,8/11/21 2:18,Me asking my boyfriend to dim the lights,0.94,
0,https://i.redd.it/1ybtqi4huy181.jpg,4440,,27/11/21 5:24,"""We are not the same"" IS YOUR OCTOBER 2021 MEME OF THE MONTH!",0.97,
81,https://i.redd.it/imat291205381.png,4398,,3/12/21 3:10,Make out time,0.97,
11,https://i.redd.it/jhg9fgn74m381.gif,4391,,5/12/21 12:43,What's that creature ?,0.98,
55,https://i.redd.it/p8rorwu6lc381.gif,4386,,4/12/21 4:41,"Damn, I‚Äôm pretty good at this",0.99,
11,https://i.redd.it/jhg9fgn74m381.gif,4361,,5/12/21 12:43,What's that creature ?,0.98,
9,https://i.redd.it/6u4mcromom381.jpg,4341,,5/12/21 14:40,That's a relief,0.99,
18,https://www.reddit.com/gallery/r7eonx,4315,,3/12/21 8:07,"Found this, made a template. Money , invest, stocks, stocks, equity",0.96,
18,https://i.redd.it/j2qfp02419381.png,4306,,3/12/21 16:45,"It's shitty, but the voices are horrible",0.9,
9,https://i.redd.it/6u4mcromom381.jpg,4300,,5/12/21 14:40,That's a relief,0.99,
87,https://i.imgur.com/ThuacAE.jpg,4286,,25/10/21 15:32,When sex seems like a chore,0.84,
40,https://www.reddit.com/gallery/r10srd,4283,,24/11/21 21:54,invest in asterix disloyal boyfriend template,0.95,
95,https://i.redd.it/zko1sx16x4381.gif,4263,,3/12/21 2:54,Press F to Pay Respects,0.97,
25,https://i.redd.it/xcip1l25yj381.jpg,4259,,5/12/21 5:26,Snaggle tooth tiger,0.98,
63,https://i.redd.it/m1qdyemw2e381.gif,4253,,4/12/21 9:42,"Meanwhile, in a parallel universe",0.98,
12,https://i.redd.it/7cm46a3xryy71.jpg,4245,,12/11/21 1:57,Haha E funny lol normie not understand hahahah,0.97,
95,https://i.redd.it/y8829vqxjmx71.jpg,4224,,5/11/21 7:47,Haha he nutt,0.98,
89,https://i.redd.it/e1tcqfqgg2281.jpg,4186,,27/11/21 17:32,Whats so funny about this,0.97,
42,https://www.reddit.com/gallery/qgtukw,4167,,27/10/21 23:46,Invest in Mother Watching Cub,0.98,
79,https://www.reddit.com/gallery/qesxsh,4151,,25/10/21 3:11,"Invest in ""There are no dumb ideas""",0.77,
64,https://i.redd.it/s5wad75u63181.jpg,4140,,22/11/21 18:56,Old memes? She's still here,0.95,
63,https://i.redd.it/hgy94f3rkjs71.jpg,4102,,10/10/21 16:25,Unfortunately Quora is like 75% cringe memes now,0.99,
24,https://i.redd.it/m4ywtto9uvt71.jpg,4090,,17/10/21 10:44,What you think of this one.,0.97,
90,https://i.redd.it/10yygn4m1i381.png,4086,,4/12/21 23:02,Anybody hear transformers transforming,0.97,
13,https://www.reddit.com/gallery/r2pq6d,4061,,27/11/21 4:20,Invest in Unnecessary Escalation,0.97,
57,https://i.redd.it/5gzjqsmrxf381.jpg,4026,,4/12/21 15:56,That's a real downer,0.95,
90,https://i.redd.it/szjb79c135381.jpg,4025,,3/12/21 3:26,Train station is a staple in anime.,0.93,
50,https://i.redd.it/4xzbiquboe381.png,4023,,4/12/21 11:42,How I was,0.96,
44,https://i.imgur.com/h2TBdJD.gifv,4009,,3/12/21 17:34,It's a bit different there,0.99,
35,https://i.redd.it/adnw1uks7k381.jpg,3980,,5/12/21 6:20,Agnosticism,0.97,
35,https://i.redd.it/adnw1uks7k381.jpg,3978,,5/12/21 6:20,Agnosticism,0.97,
91,https://i.redd.it/aphr25ttxd081.jpg,3954,,19/11/21 6:01,Would appreciate it!,0.91,
38,https://i.imgur.com/rQxqfbz.jpg,3908,,23/11/21 2:01,Old memes? ‚ÄòDepends‚Äô,0.96,
60,https://i.redd.it/o0sskkdjp3381.png,3894,,2/12/21 22:49,Spotify wrapped is confusing,0.99,
58,https://www.reddit.com/gallery/qgcnib,3893,,27/10/21 7:20,Invest in Shrek dropkicking Terminator!,0.96,
31,https://i.redd.it/21r33a9yqh381.jpg,3888,,4/12/21 22:02,"Don‚Äôt be suspicious, don‚Äôt be suspicious",0.99,
67,https://i.redd.it/j1d0ma78yh381.gif,3884,,4/12/21 22:43,Here comes the money,0.98,
72,https://i.imgur.com/kkbURRL.jpg,3838,,21/11/21 16:10,Invest in W I N E cat,0.99,
69,https://i.redd.it/s65jgtl8ehs71.jpg,3834,,10/10/21 9:05,Trans generüè≥Ô∏è‚Äç‚ößÔ∏è,0.91,
7,https://i.redd.it/msvny7gmah381.jpg,3826,,4/12/21 20:30,At this point he just doesn't have a home,0.96,
57,https://i.redd.it/4bzob5crv5w71.jpg,3809,,28/10/21 22:38,Time of the year,0.97,
54,https://i.redd.it/llz39torpl281.jpg,3806,,30/11/21 10:18,Slams down the phon,0.97,
3,https://i.redd.it/0kx50td0dn381.jpg,3803,,5/12/21 16:54,I dont need sleep i need answers,0.95,
21,https://i.imgur.com/zrWsy76.jpg,3803,,16/11/21 5:48,Sometimes I just like to get my friends opinions on things,0.97,
91,https://i.redd.it/pbqlm7ltd6381.gif,3797,,3/12/21 7:49,but mom why??,0.99,
95,https://i.redd.it/4g9sbff9ah381.jpg,3791,,4/12/21 20:28,Achievement 101,0.99,
3,https://i.redd.it/0kx50td0dn381.jpg,3765,,5/12/21 16:54,I dont need sleep i need answers,0.95,
56,https://i.redd.it/w2s86kzu9m281.png,3759,,30/11/21 12:11,Invest in Prank memes that are hot fire,0.98,
23,https://i.redd.it/rdgbp4v378y71.jpg,3721,,8/11/21 8:34,Nowadays it's like half the front page is content from there,0.92,
72,https://i.redd.it/6up85h6rjgt71.jpg,3710,,15/10/21 7:18,Hey jejs,0.92,
45,https://i.redd.it/mjcjqqg9ee381.jpg,3684,,4/12/21 10:46,"Guess what, it's 3am here in Sri Lanka... And I'm making memes.",0.98,
25,https://i.redd.it/1hkh33c18h181.jpg,3676,,24/11/21 18:08,Pray for AlexB üò¢,0.98,
15,https://i.imgur.com/0uS2PVr.png,3647,,22/10/21 3:28,"I actually hate tip culture, but this should be a no brainer.",0.79,
32,https://i.redd.it/we2h9b080e181.jpg,3643,,24/11/21 7:18,always the same guy,0.98,
92,https://i.redd.it/1i5n1hmync081.jpg,3629,,19/11/21 1:44,"I expect it from TikTok, but‚Ä¶",0.96,
4,https://i.redd.it/8qv3fc9st7t71.jpg,3605,,14/10/21 1:59,Ha ha reddit doesn't like emojis,0.96,
32,https://i.redd.it/wavv98y1j4381.jpg,3594,,3/12/21 1:34,People wild fr,0.97,
32,https://i.redd.it/gr5kzl1poj381.gif,3564,,5/12/21 4:33,Kid itself was a waste of money,0.98,
61,https://i.redd.it/63l5f80cjpz71.jpg,3557,,15/11/21 19:57,Holt shit that is so fucking funny I am literally rolling on the floor pissing my pants,0.97,
7,https://i.redd.it/o50xfo66pl381.gif,3504,,5/12/21 11:19,Ahehe hooooooo,0.98,
4,https://i.imgur.com/8r0869S.jpg,3503,,9/11/21 10:41,Chatting with a 22 year old at the poker table the other night...,0.94,
51,https://i.redd.it/li2h8e3vgi381.jpg,3451,,5/12/21 0:27,This is where the fun begins,0.97,
92,https://i.redd.it/6mr8lc5j1tv71.jpg,3441,,27/10/21 3:28,Are there people that think this is funny? (tell me if this is a repost),0.97,
92,https://i.redd.it/7h8tzteh4e181.jpg,3431,,24/11/21 7:43,"SRSLY tho' why is this happening? They just found Fentanyl in Marijuana, ferchrissake.",0.92,
87,https://i.redd.it/w7k6hexulcu71.png,3379,,19/10/21 19:08,the whole class: ü§Øü§Øü§Ø,0.98,
89,https://i.redd.it/wq394g0giav71.jpg,3360,,24/10/21 13:09,Invest now!,0.97,
8,https://i.redd.it/8n4fdupn0n381.gif,3359,,5/12/21 15:45,Its a sad and cold world,0.99,
96,https://i.redd.it/7c26f2lftg381.jpg,3357,,4/12/21 18:54,*screams in stonks*,0.99,
1,https://i.redd.it/wboh5osdaat71.png,3334,,14/10/21 10:16,emojis very bad,0.97,
10,https://i.redd.it/eq3ydbitzlv71.jpg,3324,,26/10/21 3:46,Haha Elon funny,0.98,
7,https://i.redd.it/8n4fdupn0n381.gif,3312,,5/12/21 15:45,Its a sad and cold world,0.99,
33,https://i.redd.it/wivdfhsir1381.jpg,3302,,2/12/21 16:17,It's as good as being immune,0.95,
59,https://www.reddit.com/gallery/qzniio,3267,,23/11/21 4:08,New investment oportunity,0.96,
69,https://i.redd.it/bevic9ny5f381.jpg,3263,,4/12/21 13:21,Fun times,0.98,
96,https://i.redd.it/d2m51n6bod181.jpg,3224,,24/11/21 6:12,Small Business Saturday PSA,0.97,
20,https://i.redd.it/vboaks4wvi381.png,3206,,5/12/21 1:53,Here's my donation,0.98,
46,https://i.redd.it/4qkzcs7vpg381.jpg,3196,,4/12/21 18:34,Based on a true story,0.92,
31,https://i.redd.it/dq1emj4xb0381.jpg,3160,,2/12/21 11:27,"ima say it, texting memes ‚â† funny",0.98,
1,https://i.redd.it/mvr5tvcjwj381.png,3127,,5/12/21 5:17,The whole *realization* meme format is just the worst,0.95,
61,https://i.redd.it/ysc8h80lhi381.jpg,3122,,5/12/21 0:34,"Mom, Mom, Mommy, Mommy, Mama, Mama, Ma, Ma, Mum, Mum, Mummy, Mummy ‚ô°",0.95,
4,https://i.redd.it/4wjupy0dfn381.png,3118,,5/12/21 17:09,brace for impact bois,0.99,
4,https://i.redd.it/4wjupy0dfn381.png,3051,,5/12/21 17:09,brace for impact bois,0.99,
77,https://i.redd.it/fdolzd2pya381.jpg,3046,,3/12/21 23:13,Justice has been served by itself,0.97,
41,https://i.redd.it/isjfyjbzij381.jpg,3036,,5/12/21 4:01,Gives no f*cks,0.9,
25,https://i.imgur.com/GxMkffr.jpg,3026,,26/11/21 14:02,The man is the freaking Buddha.,0.92,
41,https://i.redd.it/midh240rzh381.jpg,3019,,4/12/21 22:51,You're pissing me off.,0.97,
44,https://i.redd.it/7v74p3mpbf381.jpg,3014,,4/12/21 13:53,"They suck, just hopefully not the kids",0.95,
28,https://i.redd.it/h3dmj965ue181.png,3010,,24/11/21 10:06,"Go on, fight",0.97,
15,https://i.imgur.com/h3Zlu3X.jpg,3007,,4/12/21 1:51,"Elon, Donald, doesn't matter. There are plenty of other ways to bash them.",0.73,
11,https://i.redd.it/bz7mpljys2x71.jpg,3007,,2/11/21 13:22,I‚Äôm stuck in a room alone at work and can‚Äôt leave,0.93,
29,https://i.redd.it/n2a7f9n4cfu71.jpg,3003,,20/10/21 4:19,"First thing my grandmother said to me after not seeing her for 2 years, ""You're getting fat"". Last time she saw me, I was 5'9 105 lbs, I'm now 5'9 115 LBS.",0.95,
91,https://i.redd.it/0t5fb3d5j8381.jpg,2986,,3/12/21 15:02,Vectored,0.98,
26,https://i.redd.it/om2skv5jy6381.jpg,2980,,3/12/21 9:45,We loved your wall art with the bible verses!,0.93,
78,https://i.redd.it/m67tq72fkj381.jpg,2963,,5/12/21 4:09,In 2041- Buy premium or die!,0.99,
78,https://i.redd.it/m67tq72fkj381.jpg,2961,,5/12/21 4:09,In 2041- Buy premium or die!,0.99,
37,https://i.redd.it/77eynia2ius71.jpg,2958,,12/10/21 5:10,MiNeCrAfT gOoD,0.96,
58,https://i.redd.it/puxul30nctz71.jpg,2957,,16/11/21 8:46,Ha ha wife bad husband sad funny,0.98,
63,https://i.redd.it/fv2g65gtvj381.jpg,2934,,5/12/21 5:13,Yes or Yes or death,0.97,
63,https://i.redd.it/fv2g65gtvj381.jpg,2931,,5/12/21 5:13,Yes or Yes or death,0.97,
7,https://www.reddit.com/gallery/qvxsjn,2921,,18/11/21 1:02,Invest in you‚Äôre not Peter Parker,0.95,
35,https://i.redd.it/fa1lsjawn4381.png,2913,,3/12/21 2:02,"I hope this reddit watermark isn't a non-reddit watermark, guys",0.97,
98,https://i.redd.it/l2d9q965u7z71.jpg,2910,,13/11/21 8:53,He's right. It's just like Disney's Frozen,0.98,
2,https://i.redd.it/ex4614pdka381.gif,2887,,3/12/21 21:53,THE fight,0.98,
53,https://i.redd.it/gwu9f2z80k381.gif,2871,,5/12/21 5:39,"No, it can't be.",0.99,
54,https://i.redd.it/8rpcg173zj381.jpg,2867,,5/12/21 5:31,I have got 5 stars but at what cost,0.98,
53,https://i.redd.it/gwu9f2z80k381.gif,2866,,5/12/21 5:39,"No, it can't be.",0.99,
54,https://i.redd.it/8rpcg173zj381.jpg,2861,,5/12/21 5:31,I have got 5 stars but at what cost,0.98,
86,https://i.redd.it/glyzphn1ij381.jpg,2854,,5/12/21 3:55,Surrender immediately or you will be defeated!,0.97,
86,https://i.redd.it/glyzphn1ij381.jpg,2851,,5/12/21 3:55,Surrender immediately or you will be defeated!,0.97,
55,https://i.redd.it/urh6fj0iig381.jpg,2830,,4/12/21 17:54,donkgeena,0.81,
0,https://i.redd.it/5d71s5o28j381.png,2822,,5/12/21 3:00,Incredibly hard,0.99,
14,https://i.redd.it/7x8ta7bmwe081.jpg,2792,,19/11/21 9:16,Nice meme!,0.98,
19,https://i.redd.it/6n7m949ggl381.jpg,2776,,5/12/21 10:30,Literally rappers in the 90s...,0.98,
57,https://i.redd.it/kz58qesoh7w71.jpg,2775,,29/10/21 4:03,"Your pencil drawing isn‚Äôt oddly satisfying, damn interesting, or even mildly interesting. You just know it won‚Äôt get love in the art subs.",0.93,
19,https://i.redd.it/6n7m949ggl381.jpg,2766,,5/12/21 10:30,Literally rappers in the 90s...,0.98,
27,https://i.redd.it/cjjfd3fwzi381.png,2736,,5/12/21 2:14,Accidentally bought the PG-rated version of Harry Potter and The Philosopher's Stone and it swears a lot..,0.97,
48,https://i.redd.it/cp0a3dbe8j381.jpg,2725,,5/12/21 3:02,"Get Musk on the phone, I've got a business plan",0.97,
82,https://i.redd.it/xtz1ncczkj381.jpg,2725,,5/12/21 4:12,"Next stop, freak town!",0.98,
83,https://i.redd.it/xtz1ncczkj381.jpg,2724,,5/12/21 4:12,"Next stop, freak town!",0.98,
58,https://i.redd.it/fj2sk4mn0d381.gif,2700,,4/12/21 6:08,404 server error,0.99,
83,https://www.reddit.com/gallery/qxhky7,2695,,20/11/21 3:39,Invest in The Mandalorian &amp; Grogu - Vomit,0.96,
70,https://i.redd.it/ftmadnozwlz71.jpg,2688,,15/11/21 7:46,Guess which subreddit,0.97,
18,https://i.redd.it/qugxhlvegf381.gif,2647,,4/12/21 14:19,Word Life,0.99,
46,https://i.redd.it/cj2nw54p6hw71.jpg,2644,,30/10/21 12:39,The Next Mr East,0.96,
64,https://www.reddit.com/gallery/qzegag,2642,,22/11/21 18:55,Invest in Charlie in the trolley,0.95,
40,https://i.redd.it/evrm1bt3tmw71.jpg,2595,,31/10/21 7:34,I thought this was a ComedyCemetary post at first,0.99,
35,https://i.redd.it/25avhdzn0j381.jpg,2586,,5/12/21 2:18,Great thought ..,0.92,
85,https://i.redd.it/ijl99eljur081.jpg,2550,,21/11/21 4:47,So unfunny it makes me want to vandalize something,0.98,
7,https://i.redd.it/t2j7dxud3h381.jpg,2541,,4/12/21 19:50,Damn dude I failed the challenge at the first day,0.98,
73,https://www.reddit.com/gallery/qyj0p4,2531,,21/11/21 13:41,Invest in Jojo Rabbit letter,0.98,
49,https://i.redd.it/km4gvfks5d181.jpg,2525,,24/11/21 4:28,Invest in hungry snake,0.97,
58,https://i.redd.it/n5ozqejtsf381.jpg,2509,,4/12/21 15:29,Every morning‚Ä¶,0.99,
91,https://i.imgur.com/sIAfvSw.jpg,2495,,24/11/21 9:45,College graduate here,0.92,
52,https://i.redd.it/z0trqqzlwe381.jpg,2470,,4/12/21 12:28,It‚Äôs that time of year again ü¶Ä,0.97,
31,https://i.redd.it/zcpbz9zk1m181.jpg,2464,,25/11/21 10:20,Invest in the sinking Speech!,0.99,
28,https://i.redd.it/2o9s2r5435381.jpg,2433,,3/12/21 3:27,I don‚Äôt know wether or not that makes it better,0.98,
19,https://i.redd.it/k0ll4n1f5yw71.jpg,2433,,1/11/21 21:42,It‚Äôs that time again,0.93,
61,https://i.redd.it/0msv9y023d381.png,2425,,4/12/21 6:21,Tried to make this classic joke into a meme...,0.97,
41,https://i.redd.it/ds67xso5ndw71.png,2424,,30/10/21 0:45,ü§î Very Meta ü§î,0.91,
31,https://i.imgur.com/62FUTrq.jpg,2420,,5/12/21 8:52,If 2020 and 2021 were people,0.96,
56,https://i.imgur.com/mt1za6m.jpg,2415,,5/12/21 1:34,I was dumb back then,0.99,
31,https://i.imgur.com/62FUTrq.jpg,2414,,5/12/21 8:52,If 2020 and 2021 were people,0.96,
32,https://i.redd.it/1yqlmv0r1ww71.jpg,2372,,1/11/21 14:38,This is peak comedy,0.98,
73,https://i.redd.it/70we0n0pzh381.jpg,2352,,4/12/21 22:51,Gengar vibes,0.96,
2,https://i.redd.it/h6rkaff80f381.png,2351,,4/12/21 12:49,Drunk-Effort Meme,0.98,
6,https://i.redd.it/r2kdi1dah5381.gif,2340,,3/12/21 4:47,Very interesting,0.99,
41,https://i.redd.it/1icel5zaxky71.jpg,2318,,10/11/21 3:22,Not all heroes wear capes,0.98,
6,https://i.redd.it/lzno7fq8bby71.jpg,2316,,8/11/21 19:03,Invest in Kermit rolls up car window template blank (restorated),0.98,
24,https://i.redd.it/m5v5hkst24381.jpg,2314,,3/12/21 0:04,Invest on GigaCat,0.95,
96,https://i.imgur.com/Q3RKLSJ.jpg,2303,,24/10/21 13:15,Getting a college degree these days,0.95,
19,https://www.reddit.com/gallery/r1vvbs,2301,,26/11/21 1:49,Invest in Scott dropping a bottle,0.94,
97,https://i.redd.it/a5e5eiybsh381.jpg,2287,,4/12/21 22:10,What is this strange thing,0.98,
31,https://i.redd.it/qf0u481xwb381.gif,2274,,4/12/21 2:25,data leak,0.97,
8,https://i.redd.it/dye7vxzehh381.jpg,2272,,4/12/21 21:08,It do be like that,0.99,
23,https://www.reddit.com/gallery/qdeqo8,2258,,23/10/21 0:19,Invest in deer getting hit by other deer,0.92,
17,https://i.redd.it/j60hzft7k0281.png,2247,,27/11/21 11:10,Buy a bidet--your butt will thank you,0.93,
67,https://i.redd.it/9pgdbdicdqu71.jpg,2247,,21/10/21 17:24,Insert a cool title,0.97,
68,https://i.redd.it/uhactffya9381.jpg,2239,,3/12/21 17:38,Best.Compliment.Ever,0.98,
92,https://i.imgur.com/I1QGRWD.jpg,2227,,22/11/21 16:40,A thanksgiving tradition at our house,0.94,
52,https://i.redd.it/yu6i3gjmazt71.jpg,2212,,17/10/21 22:21,Reddit has a lot of pet name suggestions,0.95,
66,https://i.redd.it/2yi5rcgotg281.jpg,2190,,29/11/21 17:51,I‚Äôm depressed and like Rick and Morty! Hahahahahaha!,0.98,
56,https://i.redd.it/xr25mbprrvu71.jpg,2185,,22/10/21 11:34,I don‚Äôt like people who judge people on the games they play,0.96,
14,https://i.redd.it/qnak4pmhlm381.png,2159,,5/12/21 14:20,Haha queen go brrr,0.99,
55,https://i.redd.it/jntnlbn1pay71.jpg,2156,,8/11/21 16:58,LolüòÇüòÇ Like &amp; Subscribe!,0.98,
4,https://i.redd.it/0fy54j0ejm381.jpg,2148,,5/12/21 14:09,Found this Article While Looking for Cat Guns,0.99,
14,https://i.redd.it/qnak4pmhlm381.png,2139,,5/12/21 14:20,Haha queen go brrr,0.99,
89,https://i.imgur.com/Xvh6lat.jpg,2125,,5/11/21 21:36,hehe door,0.97,
82,https://i.redd.it/xl8yj3w7eov71.jpg,2120,,26/10/21 11:50,"I like seeing videos of people doing nice things, but...",0.96,
84,https://i.redd.it/m1zbwg3tdgx71.jpg,2112,,4/11/21 11:02,Three damn days after Halloween,0.95,
72,https://i.redd.it/38y5i70a2k381.jpg,2105,,5/12/21 5:49,i like this idea,0.95,
72,https://i.redd.it/38y5i70a2k381.jpg,2100,,5/12/21 5:49,i like this idea,0.95,
97,https://i.redd.it/960o22yo0qv71.jpg,2092,,26/10/21 17:18,MF‚Äôers got to Shrek,0.97,
87,https://i.redd.it/qtmet2kb9b381.jpg,2086,,4/12/21 0:14,im scared,0.98,
66,https://i.imgur.com/diOPa6O.png,2080,,5/11/21 10:17,Because that's what friends are for,0.94,
60,https://i.redd.it/5qhrsmpfak381.png,2074,,5/12/21 6:35,you would die,0.96,
59,https://i.redd.it/5qhrsmpfak381.png,2071,,5/12/21 6:35,you would die,0.96,
65,https://i.redd.it/970ejt16ti381.png,2052,,5/12/21 1:36,A friend in need is a friend indeed,0.99,
4,https://i.redd.it/7xoi31tfoi381.jpg,2018,,5/12/21 1:10,every single time,0.98,
43,https://i.redd.it/00jgjufqz9z71.png,2016,,13/11/21 15:41,It's rock bottom.,0.94,
38,https://i.redd.it/vo3snovyab181.jpg,2008,,23/11/21 22:13,*Wheeze*,0.99,
32,https://i.imgur.com/h0lCUwq.png,2006,,15/11/21 5:34,Invest in group projects,1,
19,https://i.redd.it/lv6id7qlxuz71.jpg,1988,,16/11/21 14:06,My son wanted cilantro for his taco.,0.92,
41,https://i.redd.it/ad1llm6py5181.png,1956,,23/11/21 4:16,Classics are in are they?,0.95,
90,https://i.redd.it/akhbfkv7vky71.jpg,1946,,10/11/21 3:11,I can't stand it,0.84,
15,https://i.redd.it/xoftzyoa2h381.jpg,1923,,4/12/21 19:44,Anyone Up For This,0.86,
81,https://i.redd.it/107r0dydig381.jpg,1912,,4/12/21 17:52,It do be like that,0.99,
81,https://i.redd.it/r5y7e11tdft71.jpg,1903,,15/10/21 3:23,Xavier back at it again,0.98,
14,https://i.redd.it/7w71xe6fn5381.jpg,1896,,3/12/21 5:21,I miss the part where that's my problem,0.98,
12,https://i.redd.it/kecfy06017381.gif,1888,,3/12/21 9:59,Can't forget 1337,0.93,
65,https://i.redd.it/otcap5vz2z081.jpg,1872,,22/11/21 5:07,Adding a random reaction image to a mediocre screenshot? Brilliant,0.98,
42,https://i.redd.it/9cn494mu2k381.jpg,1855,,5/12/21 5:52,Ho Ho Hold Up,0.98,
53,https://i.redd.it/1dl0pq9is4381.jpg,1851,,3/12/21 2:27,Peacock is such an odd name for an animal,0.97,
74,https://i.imgur.com/dh0AfbI.jpg,1850,,30/11/21 4:30,I fall for it and open the email every time,0.94,
95,https://i.redd.it/qjv7hd85ie381.jpg,1847,,4/12/21 11:07,looking at you spider man,0.97,
37,https://i.redd.it/4xycjvi3q0381.jpg,1838,,2/12/21 12:48,"Let's call a spade a spade, lawmakers aren't going to do anything, school administrators aren't going to do anything. And after 4 years of seeing how easily so many Americans can be manipulated, I think this just might work.",0.93,
54,https://i.redd.it/b373owyutg381.jpg,1823,,4/12/21 18:56,Only in Rome,0.98,
23,https://i.redd.it/9ktcyfx8rl381.png,1810,,5/12/21 11:31,15 bucks for all-you-can-eat sushi!? hell yeah!,0.99,
23,https://i.redd.it/9ktcyfx8rl381.png,1803,,5/12/21 11:31,15 bucks for all-you-can-eat sushi!? hell yeah!,0.99,
51,https://i.redd.it/54qhubcwh6381.jpg,1794,,3/12/21 8:11,Didn't see that coming,0.96,
98,https://i.redd.it/68hognj8y5s71.jpg,1793,,8/10/21 18:36,Family funny,0.96,
1,https://www.reddit.com/gallery/r8mi1j,1772,,4/12/21 23:00,"""Everywhere I go I see his face"" eliminated! R/MEMES ELIMINATION GAME - ROUND 11 - Vote out your least favourite 2021 meme trend/template in the pinned comment's poll! The last meme standing will be crowned the most popular 2021 meme trend!",0.94,
1,https://www.reddit.com/gallery/r8mi1j,1772,,4/12/21 23:00,"""Everywhere I go I see his face"" eliminated! R/MEMES ELIMINATION GAME - ROUND 11 - Vote out your least favourite 2021 meme trend/template in the pinned comment's poll! The last meme standing will be crowned the most popular 2021 meme trend!",0.94,
39,https://i.redd.it/cla68gkboi381.jpg,1744,,5/12/21 1:09,I watched the movie and it‚Äôs so fucking bad,0.97,
3,https://i.redd.it/zotudvpq6i381.jpg,1740,,4/12/21 23:30,Yay! Good job guys!,0.94,
87,https://i.redd.it/ogedu1im0j381.gif,1728,,5/12/21 2:18,Shitty rules must say spoiling all the fun,0.98,
24,https://i.redd.it/coaiws3wig381.jpg,1704,,4/12/21 17:55,2+2 = 8,0.96,
42,https://i.redd.it/0s52io6dwss71.jpg,1702,,11/10/21 23:46,A simple sign,0.97,
14,https://i.redd.it/a8r6mo9xxcy71.png,1701,,9/11/21 0:32,Keep it PJs,0.96,
32,https://i.redd.it/lskdowljv6381.jpg,1699,,3/12/21 9:28,Bruh Khalifa,0.98,
5,https://i.redd.it/6dbw2w4hvn381.gif,1699,,5/12/21 18:38,"Just tax the rich a little bit, for fuck‚Äôs sake",0.97,
89,https://i.redd.it/xhbva769jb381.gif,1686,,4/12/21 1:08,Lund!,0.97,
38,https://i.redd.it/9flogcwegj381.jpg,1680,,5/12/21 3:47,My day got worse,0.97,
55,https://i.redd.it/kw1rncon39w71.png,1675,,29/10/21 9:29,Anti-Vaxxers claiming Religious Exemptions can't see the irony in this,0.76,
8,https://i.redd.it/6d66orjvem381.jpg,1670,,5/12/21 13:43,Quite,0.96,
98,https://i.redd.it/5bpojwjl2av71.png,1656,,24/10/21 11:40,Economic Home Security 101,0.96,
65,https://i.redd.it/0f7zsr247mt71.jpg,1652,,16/10/21 2:19,This site went down hill way before 2016,0.83,
21,https://i.redd.it/a3b0vzhvrj381.jpg,1634,,5/12/21 4:51,MANUAL BREATHING ON,0.89,
33,https://i.redd.it/ildbgxkydoy71.jpg,1634,,10/11/21 15:01,üòù‚û°Ô∏èüò∞‚û°Ô∏èüòù....,0.98,
8,https://i.redd.it/6dbw2w4hvn381.gif,1629,,5/12/21 18:38,"Just tax the rich a little bit, for fuck‚Äôs sake",0.97,
81,https://i.redd.it/l0g93l010fv71.jpg,1621,,25/10/21 4:14,"Dont buy shark cards, invest in Misty Before &amp; After",0.98,
84,https://i.imgur.com/ZyAbqus.jpg,1616,,27/10/21 19:37,The garbage my uncle shares on Facebook,0.97,
16,https://i.redd.it/wbnqlfp5sl381.jpg,1606,,5/12/21 11:36,‚ÄúDon‚Äôt you feel scared though?‚Äù,0.95,
13,https://i.redd.it/j9ockia05n381.png,1593,,5/12/21 16:10,"Surely nothing bad could happen, right?",0.97,
27,https://i.redd.it/scd5ky6pmb081.jpg,1593,,18/11/21 22:15,Xavier and 1069 others,0.98,
18,https://i.redd.it/6sjdgud74vy71.jpg,1590,,11/11/21 13:39,lolllll hahahaha sleep,0.98,
78,https://i.redd.it/wnsfb4ri2f381.jpg,1588,,4/12/21 13:01,Posting memes until I get my master's degree day 375 meme 615,0.98,
76,https://i.redd.it/f1lgt26sjoy71.jpg,1586,,10/11/21 15:33,Invest in me after I drank a zillion beers at the minor league hockey game,0.97,
42,https://i.redd.it/1hcautttff381.jpg,1574,,4/12/21 14:16,I‚Äôm sure Europe has it‚Äôs own share of problems,0.92,
31,https://i.redd.it/ja00mn99oa381.jpg,1571,,3/12/21 22:14,Me right now,0.98,
18,https://i.imgur.com/3TZO4NN.gifv,1565,,4/12/21 5:09,Every single damn time,0.97,
60,https://i.imgur.com/i6isywr.png,1565,,30/11/21 4:38,üòÇüòÇüòÇüòÇ no nut november fbi open up üòÇ,0.98,
101,https://i.redd.it/8i3bnt3c0k381.png,1560,,5/12/21 5:38,Haha yes very funny,0.97,
101,https://i.redd.it/8i3bnt3c0k381.png,1553,,5/12/21 5:38,Haha yes very funny,0.97,
13,https://i.redd.it/j9ockia05n381.png,1552,,5/12/21 16:10,"Surely nothing bad could happen, right?",0.97,
57,https://i.redd.it/ubk4k427qk381.jpg,1550,,5/12/21 8:03,Pretend to smoke,0.95,
57,https://i.redd.it/ubk4k427qk381.jpg,1546,,5/12/21 8:03,Pretend to smoke,0.95,
43,https://i.redd.it/akzhyw1ag8381.gif,1539,,3/12/21 14:46,There has to be a meaning right?,0.98,
62,https://www.reddit.com/gallery/r59097,1532,,30/11/21 12:41,Invest in hysterical fire girl,0.96,
38,https://i.redd.it/o6xh54vbb8081.png,1520,,18/11/21 11:06,Me use reddit. Me have big Brian,0.96,
47,https://i.redd.it/1iplfqlujh381.png,1508,,4/12/21 21:23,i have a i3 school has i5,0.98,
30,https://i.redd.it/v9vyn8m0za081.jpg,1506,,18/11/21 20:02,illegal deep fried meme. while the mods are asleep,0.96,
18,https://i.redd.it/h8h4w9rruj381.jpg,1488,,5/12/21 5:07,This is a cry for help,0.98,
84,https://imgur.com/PanYe4p.jpg,1485,,5/12/21 6:45,Stay thirsty bros,0.98,
84,https://imgur.com/PanYe4p.jpg,1484,,5/12/21 6:45,Stay thirsty bros,0.98,
19,https://i.redd.it/6se78s4rje381.gif,1477,,4/12/21 11:16,"Excuse the blemishes, this took some time",0.98,
29,https://i.redd.it/i8upft2zz6y71.jpg,1471,,8/11/21 4:32,I'm back and I haven't learned my lesson.,0.95,
26,https://i.redd.it/zboxuz388l381.png,1444,,5/12/21 9:45,early bird gets the SLAP,0.96,
88,https://i.redd.it/4rxnm72sxvv71.jpg,1444,,27/10/21 13:12,New Batman/Spiderman crossover is pretty good,0.97,
52,https://i.redd.it/gc7pscunywx71.jpg,1431,,6/11/21 18:47,Despite being fully vaxxed its just easier. Plus it's a good way to avoid being fined,0.9,
80,https://i.redd.it/l2geya2jgk381.jpg,1419,,5/12/21 7:09,When Cindy Lou grew up,0.98,
81,https://i.redd.it/l2geya2jgk381.jpg,1418,,5/12/21 7:09,When Cindy Lou grew up,0.98,
92,https://i.redd.it/cfm36c2xj3281.png,1417,,27/11/21 21:13,This one hurts,0.98,
18,https://i.redd.it/kevnjwx0th381.png,1416,,4/12/21 22:14,They let down Captain America smh,0.97,
19,https://i.redd.it/vkk3fn7z01281.jpg,1412,,27/11/21 12:44,Anyone else do this tonight?,0.95,
18,http://i.imgur.com/Q0mShI3.jpg,1406,,8/11/21 19:08,To the guy at the bar last night. Hopefully that girl will dump his ass.,0.91,
90,https://i.redd.it/d7msniy8l9381.png,1399,,3/12/21 18:36,Now do more laps in one day than I've done in the last 10 years,0.99,
50,https://i.redd.it/dvixk5g3x6381.jpg,1397,,3/12/21 9:37,Give yourself a superpower and let others tell you the bad side about it,0.92,
90,https://i.redd.it/0vay1rmqybz71.jpg,1393,,13/11/21 22:18,Pacmanü§£ü§£ü§£ü§£ü§£ü§£,0.94,
60,https://i.redd.it/ja0mjzudqk181.png,1367,,25/11/21 5:56,Satisfaction for all times,0.94,
37,https://i.redd.it/zfdb1jbru6181.jpg,1367,,23/11/21 7:16,Old Meme,0.94,
11,https://i.redd.it/m57p022mef381.jpg,1357,,4/12/21 14:09,üòÇ women am I right,0.97,
17,https://i.redd.it/g9pzvgjnfm381.jpg,1354,,5/12/21 13:47,Coincidence?,0.98,
18,https://i.redd.it/g9pzvgjnfm381.jpg,1353,,5/12/21 13:47,Coincidence?,0.98,
11,https://i.redd.it/t8pvrv1whg381.gif,1334,,4/12/21 17:49,"Hey, that‚Äôs not me",0.97,
59,https://i.redd.it/tw34qkyaac381.jpg,1325,,4/12/21 3:40,"Please sir, I want some humor",0.97,
86,https://i.redd.it/ttvplh7n5f381.jpg,1322,,4/12/21 13:19,Juan,0.98,
13,https://i.redd.it/sespkkotz2x71.jpg,1321,,2/11/21 14:02,Better than buried treasure.,0.94,
39,https://i.redd.it/w7jz190mok381.gif,1313,,5/12/21 7:54,That was not a bollard,0.97,
77,https://i.imgur.com/IdSWbRQ.jpg,1309,,29/11/21 21:26,Invest in Corporate Kong,0.97,
63,https://i.redd.it/0nd1xd67mj381.jpg,1302,,5/12/21 4:19,Deserts are rocky,0.96,
2,https://i.redd.it/ivyjkjdarn381.jpg,1301,,5/12/21 18:14,"Been there, done that. Lessen learned.",0.98,
89,https://i.redd.it/8yyzgra6eg281.jpg,1293,,29/11/21 16:25,It most certainly is that way as it would seem.,0.94,
42,https://i.redd.it/pecm0rfx34v71.jpg,1293,,23/10/21 15:37,I‚Äôm fucking sick of oddly specific reaction posts,0.97,
12,https://i.redd.it/r7o0ur37gn381.jpg,1290,,5/12/21 17:14,What is he writing,0.99,
89,https://i.redd.it/zstechj7gj381.jpg,1286,,5/12/21 3:45,This is the Truth.,0.96,
3,https://i.redd.it/zkk3z3b3zi081.jpg,1282,,19/11/21 22:57,You Love Him Or you Hate Him! I'm Xavier Fan \o/,0.98,
42,https://i.redd.it/tj8wsof52j381.jpg,1276,,5/12/21 2:26,Procrastination machine brrrr,0.99,
54,https://i.redd.it/2yk52l27bzz71.jpg,1275,,17/11/21 4:49,Latest design üòÇüòÇüòÇüòÇüòÇ,0.98,
12,https://i.redd.it/r7o0ur37gn381.jpg,1271,,5/12/21 17:14,What is he writing,0.99,
25,https://i.redd.it/adbank9nvcv71.jpg,1265,,24/10/21 21:06,I‚Äôm currently dying of laughter,0.98,
70,https://i.redd.it/lfnlmcgxej381.jpg,1260,,5/12/21 3:38,So long NNN,0.97,
37,https://i.redd.it/3kiw7cf0gi381.jpg,1257,,5/12/21 0:22,Where is the Xi?,0.97,
21,https://www.reddit.com/gallery/qdivf6,1251,,23/10/21 4:05,Adjusted the texting format a little,0.96,
77,https://i.redd.it/rml9ayek7ht71.jpg,1237,,15/10/21 9:32,Why the reaction image,0.97,
84,https://i.redd.it/jzhetbbvczw71.jpg,1232,,2/11/21 1:46,Invest in pissed David Attenborough,0.99,
57,https://i.redd.it/4z8llnu9pl181.jpg,1230,,25/11/21 9:11,How do these templates work,0.92,
23,https://i.redd.it/xrdnnzvk0ww71.jpg,1230,,1/11/21 14:32,Drives my dog batshit,0.95,
100,https://i.redd.it/i9l6q8zzck381.jpg,1227,,5/12/21 6:49,Every dating site.,0.95,
100,https://i.redd.it/i9l6q8zzck381.jpg,1220,,5/12/21 6:49,Every dating site.,0.95,
88,https://i.imgur.com/rps7hcQ.png,1218,,25/10/21 16:04,Some people don't know where the bad joke eel came from.,0.88,
84,https://i.redd.it/7cnlyva3zux71.jpg,1214,,6/11/21 12:06,aaron gets dan again,0.97,
46,https://i.redd.it/7en1x0zfta381.jpg,1213,,3/12/21 22:43,Oh yeah baybeeee,0.98,
17,https://i.redd.it/o2hg8upgx1x71.jpg,1210,,2/11/21 10:25,Keep yourself safe,0.91,
82,https://i.redd.it/7tvwjlkbsny71.jpg,1200,,10/11/21 13:00,"C'mon, man, get over it",0.79,
60,https://i.imgur.com/QjaUkzX.jpg,1198,,12/11/21 4:39,How to tell you‚Äôre in the wrong neighborhood,0.94,
4,https://i.imgur.com/F1rmvCP.jpg,1193,,5/12/21 5:02,Especially inconvenient in the winter.,0.95,
52,https://i.redd.it/zl59n6n6bk381.jpg,1187,,5/12/21 6:39,Who the duck designed that font?,0.94,
72,https://i.redd.it/8149yw6jmj381.jpg,1186,,5/12/21 4:27,ùêñùêÄùêçùêìùêÑùêÉ: Somebody to go into the other Dimension with me. You'll get paid after we get back. Must bring your own weapons. Safety not guaranteed. I have done this once before.,0.98,
8,https://i.redd.it/np2gys42v4281.jpg,1179,,28/11/21 1:38,My neighbours think I'm very security conscious,0.93,
54,https://i.redd.it/uysqav43ady71.jpg,1174,,9/11/21 1:40,So evil oooh ü§£üòÇ,0.98,
14,https://i.redd.it/bd2fxnsk3vu71.jpg,1159,,22/10/21 9:21,"I'll pick ""Things you should feel bad for doing, but don't"" for 500 please",0.91,
28,https://i.imgur.com/dxzdT9n.jpg,1155,,8/11/21 6:07,Like a potato,0.88,
22,https://i.imgur.com/pinzubB.jpg,1136,,5/12/21 6:23,Somehow I can relate with this tree,0.99,
9,https://i.redd.it/xpkij2czek381.jpg,1114,,5/12/21 7:00,Don't herd me.... no more.,0.97,
1,https://i.imgur.com/spK9AGw.jpg,1093,,23/10/21 13:47,"Rinse, wash, repeat",0.93,
24,https://i.redd.it/j4z4yx4wej381.jpg,1086,,5/12/21 3:38,I have like a massive head ache,0.99,
14,https://i.redd.it/3rx4uldfsg381.jpg,1082,,4/12/21 18:48,SIMP - Squirrel In My Pants,0.98,
79,https://i.redd.it/qtytua845hz71.jpg,1080,,14/11/21 15:43,Baby Yoda...,0.98,
58,https://i.imgur.com/B1yseOP.gifv,1070,,5/12/21 5:37,Imma make it there guys,0.99,
79,https://i.redd.it/13bgplhp0e381.jpg,1069,,4/12/21 9:29,Chad beaver,0.98,
71,https://i.redd.it/0mag5dvape281.jpg,1069,,29/11/21 10:43,YouTube community posts are a goldmine,0.99,
40,https://i.redd.it/s7im28haoe381.png,1051,,4/12/21 11:42,"Well that was fun, I guess...",0.98,
79,https://www.reddit.com/gallery/qy4m4w,1036,,21/11/21 1:28,Invest in hydraulicly (de)pressed squishy,0.99,
14,https://i.redd.it/iycgpp5rgk381.jpg,1021,,5/12/21 7:10,I think this is a good thing. Less hype more rating.,0.98,
49,https://i.redd.it/mjfmpvi7oi381.jpg,1008,,5/12/21 1:08,chad parents,0.99,
16,https://i.redd.it/5kg9f43m2n381.jpg,1005,,5/12/21 15:57,Why do I do this,0.99,
87,https://i.redd.it/kk98rvugasx71.png,1003,,6/11/21 3:04,"LOL, nokia phone breakn't, XDDDDDD",0.98,
16,https://i.redd.it/5kg9f43m2n381.jpg,996,,5/12/21 15:57,Why do I do this,0.99,
34,https://i.redd.it/ohhdq79376381.png,995,,3/12/21 7:11,The absolute worst,0.98,
63,https://www.reddit.com/gallery/qrafni,992,,11/11/21 15:16,Invest in cursed bunny,0.92,
28,https://i.redd.it/ro4iqitimnz71.jpg,989,,15/11/21 13:31,I mean they're basically the same thing aren't they?,0.93,
93,https://i.redd.it/9td1tnw4e3v51.jpg,985,,25/10/21 8:11,To all the people out there with their onion saving techniques.,0.91,
42,https://i.redd.it/g2af6npdylw71.jpg,977,,31/10/21 4:42,Maybe no maybe yes,0.98,
82,https://i.redd.it/e36ape6g4j381.jpg,968,,5/12/21 2:39,Kentucky fried fetish,0.96,
44,https://i.redd.it/o1n7la1c7h381.jpg,964,,4/12/21 20:12,Down woofer,0.95,
33,https://i.redd.it/7wt0omxsv7181.jpg,954,,23/11/21 10:43,Old memes you say...,0.92,
48,https://i.redd.it/cwn18px82b381.jpg,938,,3/12/21 23:33,"My guy Ghostroaster64 came up with the joke, I simply make the meme",0.94,
82,https://i.redd.it/c2sgep6whh381.jpg,937,,4/12/21 21:11,At least nothing I microwaved burst on flames,0.98,
39,https://i.redd.it/xhjqv4d2zl381.jpg,932,,5/12/21 12:14,Sad Truth üòî,0.94,
39,https://i.redd.it/xhjqv4d2zl381.jpg,931,,5/12/21 12:14,Sad Truth üòî,0.94,
24,https://i.redd.it/hlw33547o1t71.jpg,924,,13/10/21 5:17,Oh no oh no no no,0.97,
65,https://i.redd.it/hxmj14obapz71.jpg,922,,15/11/21 19:06,This was one of the most popular memes today on THAT subreddit.,0.93,
61,https://i.redd.it/x9ve4d24o5181.jpg,918,,23/11/21 3:16,MRW I see all these older memes today,0.93,
47,https://i.redd.it/uqjjg9khyk381.jpg,908,,5/12/21 8:49,Checkmate,0.96,
69,https://i.redd.it/5hqzgx8vpz081.jpg,908,,22/11/21 7:15,Sweet Jesus.,0.99,
56,https://i.redd.it/qpke0dh4b2z71.jpg,905,,12/11/21 13:50,When I have an imaginary argument‚Ä¶,0.95,
30,https://i.redd.it/qrde5xpkjzw71.jpg,884,,2/11/21 2:24,Might have been a BMW,0.97,
50,https://i.redd.it/7ttrbkixpl381.jpg,883,,5/12/21 11:23,The best chess player ever,0.99,
50,https://i.redd.it/7ttrbkixpl381.jpg,881,,5/12/21 11:23,The best chess player ever,0.99,
52,https://i.redd.it/vrxhikgzml381.jpg,865,,5/12/21 11:07,Goddamn it Rockstar,0.98,
83,https://i.redd.it/2qzfrnqnwf381.gif,864,,4/12/21 15:50,ùó¨ùó¢ùó® ùó¶ùóõùóîùóüùóü ùó°ùó¢ùóß ùó£ùóîùó¶ùó¶!,0.99,
52,https://i.redd.it/vrxhikgzml381.jpg,863,,5/12/21 11:07,Goddamn it Rockstar,0.98,
51,https://i.redd.it/l1oqo51qp5181.jpg,862,,23/11/21 3:25,Pcmr lol,0.97,
13,https://i.redd.it/zmx49jaj2ey71.jpg,861,,9/11/21 4:19,FTFY,0.77,
89,https://i.redd.it/kgaf8wcwxgx71.jpg,859,,4/11/21 12:54,This right here!,0.89,
28,https://i.redd.it/lbwjzll1n0x71.jpg,853,,2/11/21 6:05,my Monday was already ruined anyways,0.99,
27,https://i.redd.it/o04mgu6omm381.jpg,848,,5/12/21 14:27,He is a man of sheer will,0.98,
11,https://i.redd.it/ddxndbva6i381.jpg,848,,4/12/21 23:28,"Me travelling to 18th of April, 1889 and introducing Klara P√∂lz to a genetically engineered pigeon:",0.94,
51,https://i.redd.it/u6kn4zu1s0v71.jpg,847,,23/10/21 4:25,Only some though,0.97,
27,https://i.redd.it/o04mgu6omm381.jpg,838,,5/12/21 14:27,He is a man of sheer will,0.98,
12,https://i.redd.it/p5b0u07uwm381.jpg,831,,5/12/21 15:24,Crazy Like A Fox,0.98,
22,https://i.redd.it/vompldh8lj181.jpg,830,,25/11/21 2:05,Peter Griffin meme haha,0.95,
93,https://i.redd.it/zjvlxk4bt3281.jpg,819,,27/11/21 22:06,Men in the past where clearly better,0.97,
87,https://i.redd.it/7i9cf8tu8l381.jpg,813,,5/12/21 9:47,Wait till you see my Hot Wheels collection,0.95,
65,https://www.reddit.com/gallery/qzgrfy,811,,22/11/21 21:26,Invest in Sabotaged Blessing Epstein,0.98,
87,https://i.redd.it/7i9cf8tu8l381.jpg,808,,5/12/21 9:47,Wait till you see my Hot Wheels collection,0.95,
25,https://i.redd.it/02bj30qf6yt71.jpg,805,,17/10/21 18:37,Evil needs brain,0.97,
71,https://i.redd.it/mm49l3iq8k381.jpg,804,,5/12/21 6:25,Mexican food truck coke hits different,0.98,
50,https://i.redd.it/lgpismidjaw71.png,800,,29/10/21 14:20,The wet dreams of lonely Redditors usually aren't laugh-your-ass-off material.,0.97,
9,https://i.imgur.com/acL95QY.jpg,792,,9/11/21 9:53,Go to work -&gt; dark. Get off work -&gt; dark.,0.9,
56,https://i.redd.it/xidon7040j381.jpg,790,,5/12/21 2:15,Man's best friend.,0.99,
86,https://i.redd.it/zmygggvdhhx71.jpg,789,,4/11/21 14:44,With that cold weather coming in,0.94,
13,https://i.redd.it/pevlxi7gw3281.jpg,787,,27/11/21 22:24,"Well, time to cross another one off the list",0.96,
5,https://i.redd.it/zlksyynwbj381.jpg,784,,5/12/21 3:21,Milfs supremacy,0.99,
19,https://i.redd.it/dsm3wgufnm381.jpg,783,,5/12/21 14:31,One way ticket,0.98,
7,https://i.redd.it/on8itb50b6x71.jpg,774,,3/11/21 1:08,It‚Äôs the little things‚Ä¶,0.93,
25,https://www.reddit.com/gallery/que9x1,768,,16/11/21 0:22,Invest in Pocahontas raccoon,0.99,
28,https://i.redd.it/fotg1vtr5m381.png,756,,5/12/21 12:52,console gay pc gay phone good.,0.96,
73,https://i.redd.it/k5xu6354rgt71.png,755,,15/10/21 8:00,It's the little things in life,0.93,
89,https://i.redd.it/s8czb03s2dz71.jpg,755,,14/11/21 2:03,I hate memes with those emojis,0.97,
18,https://i.redd.it/aehtu5fpy9381.png,753,,3/12/21 19:51,Bless us,0.98,
61,https://i.redd.it/c7g6aoko3b381.gif,752,,3/12/21 23:41,Delicious,0.98,
15,https://i.redd.it/a5mxj4m8yn381.jpg,749,,5/12/21 18:53,big mistake,0.95,
24,https://i.redd.it/ocyg63kvam381.gif,745,,5/12/21 13:21,"Oh no, the good part was coming",0.99,
49,https://i.redd.it/frtln2xf7h381.jpg,745,,4/12/21 20:12,British English pronunciation...,0.97,
45,https://i.redd.it/kkqu5uuwkb381.gif,744,,4/12/21 1:17,Impossible,0.99,
77,https://i.redd.it/9vbq7ubgos081.jpg,741,,21/11/21 7:35,Invest in Jurgen Klopp chadding on Mikel Arteta,0.92,
50,https://i.redd.it/ivyyigsu4l381.png,740,,5/12/21 9:30,Big PP OC,0.96,
66,https://i.redd.it/o1a06swjpl381.jpg,736,,5/12/21 11:22,Dreamworks movies are just amazing,0.98,
9,https://i.redd.it/qyxu6izign381.jpg,734,,5/12/21 17:14,Not Dank,0.98,
65,https://i.redd.it/o1a06swjpl381.jpg,733,,5/12/21 11:22,Dreamworks movies are just amazing,0.98,
58,https://i.redd.it/ksoaxqgztl381.jpg,733,,5/12/21 11:46,I am so dumb,0.99,
61,https://i.redd.it/26r5zc68ik381.jpg,733,,5/12/21 7:18,"It‚Äôll keep it a secret forever from you, too.",0.97,
97,https://i.imgur.com/PEuAttB.jpg,731,,29/11/21 11:32,"Hate to waste, but‚Ä¶",0.9,
15,https://i.redd.it/a5mxj4m8yn381.jpg,730,,5/12/21 18:53,big mistake,0.95,
58,https://i.redd.it/ksoaxqgztl381.jpg,727,,5/12/21 11:46,I am so dumb,0.99,
2,https://i.redd.it/wirz1i3ue3v71.jpg,727,,23/10/21 13:20,The Spice must flow.,0.9,
51,https://i.redd.it/t7ayftxe2l381.jpg,723,,5/12/21 9:11,This hurts the most,0.96,
41,https://i.redd.it/bw06mx2yvst71.jpg,722,,17/10/21 0:48,He he he,0.99,
46,https://i.redd.it/88flg2ggi9381.jpg,720,,3/12/21 18:20,Deleted 2 days after creating.,0.96,
75,https://i.redd.it/qixva0bsjl381.jpg,719,,5/12/21 10:49,NOW WITH 60% MORE GMO'S!,0.98,
75,https://i.redd.it/qixva0bsjl381.jpg,719,,5/12/21 10:49,NOW WITH 60% MORE GMO'S!,0.98,
43,https://i.redd.it/glpbwol8pb381.jpg,716,,4/12/21 1:42,"We believe you, Kyle",0.97,
71,https://i.redd.it/jr2x89ioqjt71.jpg,710,,15/10/21 18:03,Please tell me,0.89,
11,https://i.redd.it/2qm0jrs93ov71.jpg,710,,26/10/21 10:48,What you think of this.,0.98,
21,https://i.redd.it/lh7uwctli0u71.jpg,710,,18/10/21 2:28,"""iM a 90'S KiD sO I aM sOOOoO SpEcial"" says the worst melenials ever",0.97,
15,https://i.redd.it/trbpss10h8t71.jpg,703,,14/10/21 4:09,Sometimes I can't tell the difference between these subs.,0.95,
22,https://i.redd.it/mskjaggzmy181.jpg,701,,27/11/21 4:42,Getting older has shifted some priorities,0.91,
71,https://i.redd.it/cup2f3kef5x71.jpg,695,,2/11/21 22:11,Invest in disgusted cat,0.95,
26,https://i.redd.it/h5b13i7r3k381.jpg,692,,5/12/21 5:57,Do you have a cat?,0.98,
5,https://i.imgur.com/V0HSWdQ.gifv,691,,4/12/21 10:24,Poor bats lose their hearing every time Batman comes and goes,0.99,
71,https://i.imgur.com/YvdaEAJ.jpg,686,,11/11/21 16:26,"Thanks, but no thanks",0.88,
56,https://i.imgflip.com/5qnmwo.jpg,685,,17/10/21 10:13,Hold time is the worst time,0.91,
25,https://i.redd.it/tih5vhtttd381.jpg,682,,4/12/21 8:51,They don't know,0.96,
48,https://i.redd.it/6bk848g6gd381.gif,679,,4/12/21 7:34,"Drink coffee they said , it's a great way to start the day they said",0.96,
74,https://s3.ezgif.com/save/ezgif-3-0f0f81b76379.gif,678,,5/12/21 11:11,Hall pass &gt; passports,0.98,
74,https://s3.ezgif.com/save/ezgif-3-0f0f81b76379.gif,677,,5/12/21 11:11,Hall pass &gt; passports,0.98,
80,https://i.redd.it/1334nhn61i381.jpg,676,,4/12/21 22:59,(clarity),0.98,
91,https://i.redd.it/t26pyl1nxc381.gif,676,,4/12/21 5:50,It's about to get messy in there,0.98,
64,https://i.redd.it/1cbj2rf66ms71.jpg,674,,11/10/21 1:09,A blast from the past!,0.96,
34,https://i.redd.it/reh8ya9nvk381.jpg,670,,5/12/21 8:33,Brain goes brrrrrr,0.97,
62,https://i.redd.it/9wtkof878j381.jpg,665,,5/12/21 3:00,And i don‚Äôt know why,0.99,
31,https://i.redd.it/p19sk26mz9381.gif,664,,3/12/21 19:58,please don't cancel me,0.88,
13,https://i.redd.it/owrk32s8h8x71.jpg,662,,3/11/21 8:27,eraser üòÜüòÜüòúüòúüòúüòúü§£ü§£ü§£ü§£üòπüòπüòπü§£üòê,0.92,
65,https://i.redd.it/gmshy5kdw7381.gif,655,,3/12/21 12:54,We want answers,0.99,
65,https://i.redd.it/rtyrfyj646y71.jpg,655,,8/11/21 1:34,That's not how that works,0.95,
20,https://i.redd.it/i1758hklvm381.jpg,646,,5/12/21 15:17,Quickscoped nerd,0.94,
44,https://i.redd.it/8w30zl1ydf381.jpg,643,,4/12/21 14:05,*unstreams your stream*,0.97,
18,https://i.redd.it/s5y4zujkkh381.jpg,641,,4/12/21 21:26,Denied mother fucker,0.98,
57,https://i.redd.it/urn6c0vnrk381.jpg,640,,5/12/21 8:11,Don‚Äôt Look At It,0.96,
40,https://i.redd.it/1ng63cunonx71.jpg,634,,5/11/21 11:35,Who would like to invest in a cranky old man?,0.98,
14,https://i.redd.it/a6o5k10vck381.gif,631,,5/12/21 6:48,Give em the okie doke,0.97,
21,https://i.redd.it/2tyou0c2ih381.gif,630,,4/12/21 21:12,Problem solved,0.95,
52,https://i.redd.it/7i212wxlh6381.jpg,627,,3/12/21 8:10,"I'm about to do what's called a ""pro gamer move""",0.98,
66,https://i.redd.it/4qcy28av4mt71.jpg,626,,16/10/21 2:06,I keep watching the show Maid despite the fact that every episode is metaphorically punching yourself in the face.,0.92,
3,https://i.redd.it/p5lttulufk381.jpg,624,,5/12/21 7:05,"I've had it with these mothafuckin' snakes, in this mothafuckin' house",0.99,
67,https://i.redd.it/mncigbb5xj381.jpg,623,,5/12/21 5:20,Stop it,0.92,
99,https://i.redd.it/0ilo7xojnj381.jpg,621,,5/12/21 4:26,smh‚Ä¶,0.94,
98,https://i.redd.it/onnvd9brvh381.jpg,616,,4/12/21 22:29,Chosen Randomly,0.89,
99,https://i.redd.it/1xlarpgkgl381.jpg,615,,5/12/21 10:31,Riley Cheems,0.92,
22,https://i.redd.it/ulh144ja3e381.jpg,614,,4/12/21 9:44,We've all been there,0.97,
99,https://i.redd.it/1xlarpgkgl381.jpg,613,,5/12/21 10:31,Riley Cheems,0.92,
45,https://i.imgur.com/sCaOhXs.jpg,612,,30/10/21 0:08,I needed a new jockstrap. (The old one lost it's pizzazz),0.88,
20,https://i.redd.it/4qampm1eln381.gif,609,,5/12/21 17:43,They make it look so dramatic,0.98,
2,https://i.redd.it/rrk5byrz0l381.png,609,,5/12/21 9:03,Guess which sub,0.96,
85,https://i.redd.it/oafdqildamv71.jpg,608,,26/10/21 4:45,Headlights in the rain are for other drivers,0.94,
95,https://i.redd.it/031oeb966tv71.jpg,608,,27/10/21 3:54,Every day we stray further from God,0.98,
7,https://i.redd.it/6hrykisvsh381.png,606,,4/12/21 22:13,I don't know how people find this funny,0.95,
6,https://i.redd.it/es4fhmv4fk381.jpg,605,,5/12/21 7:08,Let me hear you Detroooooiiiiit,0.99,
20,https://i.redd.it/4qampm1eln381.gif,603,,5/12/21 17:43,They make it look so dramatic,0.98,
29,https://i.redd.it/kmhnm7h72n381.png,601,,5/12/21 15:54,Checkmate,0.94,
29,https://i.redd.it/kmhnm7h72n381.png,599,,5/12/21 15:54,Checkmate,0.94,
43,https://i.redd.it/hazob8azu6381.png,597,,3/12/21 9:25,We all did it... Right?,0.98,
70,https://i.redd.it/q3klc8329n281.jpg,596,,30/11/21 15:28,"He gets excited and talks through the whole thing, but I like spending time with him.",0.93,
56,https://i.redd.it/dl844ah4mb381.gif,594,,4/12/21 1:24,Sweet insurance money,0.98,
70,https://i.redd.it/x4cz1a9gwi381.jpg,594,,5/12/21 1:54,Having Multiple Talents but Still Useless,0.94,
38,https://i.redd.it/zllmm7snyl381.jpg,584,,5/12/21 12:12,True story,0.94,
30,https://i.redd.it/fz06hqv65l381.jpg,584,,5/12/21 9:27,"I'm going off the rails, anybody want anything?",0.99,
33,https://i.redd.it/k3pp1fpz8g181.png,580,,24/11/21 14:53,WHEN THE SHCOOL SHOTER!!!!11!!!üòÇüòÇüòÇüòÇüòÇüòÇ,0.94,
34,https://i.redd.it/qnep4rv5q8v71.jpg,577,,24/10/21 7:08,Fucking hell omg,0.97,
38,https://i.redd.it/f0h3u5ms3c381.jpg,576,,4/12/21 3:03,The only thing everyone desires,0.96,
33,https://i.redd.it/odnty87y6c381.jpg,575,,4/12/21 3:21,What is freedom of speech?,0.94,
74,https://imgur.com/DgKvKl7.jpg,574,,11/11/21 14:47,It's No Shave November my dudes,0.9,
44,https://i.redd.it/4ecd1097br181.jpg,573,,26/11/21 4:03,One good thing about old memes,0.92,
41,https://i.redd.it/np8wzyv7xi381.jpg,572,,5/12/21 1:59,Untapped potential,0.96,
67,https://i.redd.it/r1p2v5vn9h381.jpg,569,,4/12/21 20:25,Short for Mike oxlong,0.9,
43,https://i.redd.it/drl4s28oak381.jpg,564,,5/12/21 6:36,Now i feel sad for it,0.93,
99,https://i.redd.it/h3va624wkbv71.jpg,561,,24/10/21 16:46,Happens pretty much daily these days.,0.82,
33,https://i.redd.it/c6flv9du57381.png,560,,3/12/21 10:26,question everything,0.99,
30,https://i.redd.it/ngv1z6obqbv71.png,560,,24/10/21 17:15,Hahaha coffee,0.99,
52,https://i.imgur.com/TUk9HQj.jpg,558,,22/11/21 10:24,With pep in my step!,0.91,
17,https://i.redd.it/3t4k33cbudy71.jpg,558,,9/11/21 3:33,I've seen just as many of these...,0.82,
17,https://i.redd.it/bimzgflyan381.png,557,,5/12/21 16:43,Something I would like to improve on,0.97,
20,https://i.redd.it/b3zro5j6zyw71.png,556,,2/11/21 0:30,Halloween 2021--online!,0.92,
92,https://i.redd.it/srpw3tvxgmy71.jpg,553,,10/11/21 8:34,Feels so good!,0.95,
1,https://i.redd.it/0cx85n97qjy71.jpg,551,,9/11/21 23:20,It‚Äôs really embarrassing and cringe,0.79,
64,https://i.redd.it/s57defyaoxy71.jpg,550,,11/11/21 22:15,Trickle Treat,0.86,
19,https://i.redd.it/9mujp98snc381.jpg,540,,4/12/21 4:55,You learn something new everyday,0.9,
15,https://i.redd.it/k2ljxbmnka381.jpg,537,,3/12/21 21:56,Smack that yellow filter,0.97,
70,https://www.reddit.com/gallery/qr273p,537,,11/11/21 8:32,Invest in Disappointed Horny Venom,0.95,
82,https://i.redd.it/059e29jmtwx71.jpg,537,,6/11/21 18:19,Such humour with racecars lol,0.97,
41,https://i.redd.it/1hlpbb53qbu71.jpg,536,,19/10/21 16:10,How am I supposed to express my emotions now,0.92,
56,https://i.redd.it/zegtp4itcl381.jpg,533,,5/12/21 10:10,Save the children,0.92,
68,https://i.redd.it/mefox76v7m381.jpg,529,,5/12/21 13:04,Kills most germs,0.98,
62,https://i.redd.it/u8fj1gl4bm381.jpg,529,,5/12/21 13:22,I shall.... Return to DRANGLIEC,0.94,
8,https://i.redd.it/ke1h8e1fpgy71.jpg,529,,9/11/21 13:12,The person making minimum wage doesn't care about your thoughts on the war on Thanksgiving.,0.92,
61,https://i.redd.it/u8fj1gl4bm381.jpg,527,,5/12/21 13:22,I shall.... Return to DRANGLIEC,0.94,
60,https://i.redd.it/4wo7310wgu281.jpg,527,,1/12/21 15:44,"When you're triple-vaxxed and still mask up, but also fed up with hearing the same damn things from COVID talking heads for going on two years now, with no end to it in sight.",0.86,
65,https://i.redd.it/ao19cjgkbf381.jpg,525,,4/12/21 13:52,‚ÄûDies in new‚Äú,0.97,
68,https://i.redd.it/mefox76v7m381.jpg,525,,5/12/21 13:04,Kills most germs,0.99,
10,https://i.redd.it/2ir70ga6d3281.jpg,524,,27/11/21 20:36,Invest in liquidity,0.98,
88,https://i.redd.it/55m11lic5k381.gif,519,,5/12/21 6:06,I'll pick them up eventually.,0.97,
29,https://i.redd.it/44hdvw9n3tw71.jpg,514,,1/11/21 4:44,Google‚Äôs number 1 referral service,0.88,
51,https://i.redd.it/xj02iwr3zgy71.png,513,,9/11/21 14:07,42069 saves the planet,0.97,
66,https://i.redd.it/zyvpcku7dl181.jpg,511,,25/11/21 8:04,I'm ready to be hurt again,0.88,
22,https://i.redd.it/orkokih0rn381.jpg,510,,5/12/21 18:13,"It's about drive, it's about power....",0.96,
37,https://i.redd.it/5zw0yw8arm181.jpg,510,,25/11/21 12:44,Invest in broken Olaf.,0.98,
72,https://i.redd.it/a1gqhopnq5x71.jpg,510,,2/11/21 23:14,Invest in the guy on the right,0.99,
79,https://i.redd.it/eqbcqygl6k381.jpg,508,,5/12/21 6:13,Time to raise hell,0.93,
75,https://i.redd.it/ba2kkn2p0m281.jpg,504,,30/11/21 11:20,Most conversations are a chore,0.91,
53,https://i.redd.it/yhzm6cr5nl381.jpg,499,,5/12/21 11:08,Dankswagen,0.97,
3,https://i.redd.it/enal3w1rql381.jpg,498,,5/12/21 11:28,Ayo what Santa doin?,0.97,
28,https://imgur.com/WIbgizO,498,,26/11/21 21:03,There is absolutely no need to overcrowd the prisons and emotionally scar people while spending state money,0.84,
48,https://i.redd.it/3dg20k90qm381.jpg,497,,5/12/21 14:45,Gandalf was a latchkey kid,0.98,
47,https://i.redd.it/3dg20k90qm381.jpg,497,,5/12/21 14:45,Gandalf was a latchkey kid,0.98,
22,https://i.redd.it/orkokih0rn381.jpg,496,,5/12/21 18:13,"It's about drive, it's about power....",0.96,
83,https://i.redd.it/8t290r5nrzv71.jpg,496,,28/10/21 2:05,Hah twitter evil on both sides,0.94,
88,https://i.redd.it/3wkq8e0cki381.jpg,495,,5/12/21 0:46,"Ayo, show me how they make it?",0.97,
17,https://i.imgur.com/TLg6lgG.jpg,492,,4/12/21 5:18,It's so annoying and so inconvenient,0.94,
63,https://i.redd.it/fayirqkf8i381.jpg,489,,4/12/21 23:40,"Son, you're too innocent :)",0.94,
46,https://i.redd.it/9yy20lkjhst71.jpg,488,,16/10/21 23:28,When u so drunk you become an absolute retard,0.95,
16,https://i.redd.it/e5xmky93oj381.jpg,486,,5/12/21 4:29,Star wars,0.98,
5,https://i.redd.it/1w4sd1dm51v71.jpg,485,,23/10/21 5:41,"I can't be the only one, right?",0.88,
52,https://i.redd.it/xqgynrp377181.jpg,482,,23/11/21 8:25,Blast it,0.88,
72,https://i.redd.it/l9o7e2ipck381.jpg,480,,5/12/21 6:47,I have failed you anakin,0.98,
7,https://i.redd.it/gobt8mv53k381.jpg,479,,5/12/21 5:54,"If anyone needs me, I'll be the guy binge drinking with both feet firmly planted on the ground for the rest next couple of hours.",0.92,
90,https://www.reddit.com/gallery/r4829e,478,,29/11/21 5:26,Invest in absolute value of depression,0.88,
81,https://i.redd.it/xvu1yh11sgz71.jpg,477,,14/11/21 14:30,Dog shit meme,0.92,
39,https://i.redd.it/71g964di9cu71.jpg,473,,19/10/21 17:58,This has always bothered me (Scumbag Morpheus),0.78,
44,https://i.redd.it/p56lvpe9lh381.jpg,471,,4/12/21 21:30,True story,0.95,
36,https://i.imgur.com/2WKgXSN.jpg,470,,5/12/21 5:31,People are,0.94,
44,https://i.imgflip.com/5t9900.jpg,470,,7/11/21 17:06,Looking at you sports writers...,0.87,
73,https://i.redd.it/1ga8y9gtb8381.gif,467,,3/12/21 14:21,Character development,0.99,
18,https://i.redd.it/wu3ekszuyiv71.png,466,,25/10/21 17:35,"anyway, here's wonderwall",0.97,
78,https://i.redd.it/9y2u48zdz2w71.png,465,,28/10/21 12:54,incest funny,0.96,
10,https://i.redd.it/ig1cfl8wji381.jpg,461,,5/12/21 0:44,Triggered feminist,0.85,
28,https://i.redd.it/hdlfxef5ad081.png,461,,19/11/21 3:49,I had a stroke trying to put a god damn title on this post...,0.97,
0,https://i.redd.it/3fss9dsfbd381.gif,460,,4/12/21 7:08,No wet panties for you!,0.94,
56,https://i.redd.it/0e1km03bcj381.jpg,457,,5/12/21 3:24,"But, I need to save money",0.97,
40,https://i.redd.it/botzsandhc381.jpg,456,,4/12/21 4:19,·ìµùôπ·í≤·í∑ ùôπ„É™ ‚Ñ∏ Ã£ ‚à∑|| ‚ïé‚Ñ∏ Ã£,0.88,
13,https://i.imgur.com/DMT6lQy.jpg,452,,12/11/21 9:56,Marvel fans,0.96,
25,https://i.redd.it/9cozit8fpn381.jpg,451,,5/12/21 18:04,for the 100000th time,0.99,
52,https://i.redd.it/2kunx128pp281.jpg,447,,30/11/21 23:42,haha get it pp short üòÇüê∏üòÇ,0.97,
25,https://i.redd.it/9cozit8fpn381.jpg,446,,5/12/21 18:04,for the 100000th time,0.99,
77,https://i.redd.it/7ftun7f1fk381.jpg,443,,5/12/21 7:00,*Boss battle music starts*,0.96,
24,https://i.redd.it/2lkkn9amtn381.jpg,440,,5/12/21 18:27,WHAT?! HOW DID 2021 GO BY SO FAST?!,0.97,
26,https://i.redd.it/58x5otlhnj381.jpg,439,,5/12/21 4:26,Legends,0.97,
56,https://i.redd.it/qz30wplkfh381.gif,439,,4/12/21 20:58,It do be like that,0.99,
95,https://i.redd.it/exih1pzsbdv71.jpg,439,,24/10/21 22:37,Seems to be all over my feed,0.89,
80,https://i.redd.it/ten3baxuam381.jpg,436,,5/12/21 13:21,"""At what age did you start suffering depression?""",0.99,
68,https://i.imgur.com/QT6jZPB.jpg,436,,28/10/21 6:19,Family First‚Ä¶. Until Works Needs You,0.95,
24,https://i.redd.it/2lkkn9amtn381.jpg,434,,5/12/21 18:27,WHAT?! HOW DID 2021 GO BY SO FAST?!,0.97,
14,https://i.redd.it/2hlcqco90fw71.jpg,430,,30/10/21 5:20,"Mr Lightyear knows the better investment, do you?",0.96,
23,https://i.imgur.com/9E89RQN.jpeg,429,,21/10/21 11:50,That'll teach him for making me walk further than I needed to,0.95,
81,https://i.redd.it/ten3baxuam381.jpg,428,,5/12/21 13:21,"""At what age did you start suffering depression?""",0.99,
28,https://i.redd.it/vi4efmf0vh381.jpg,426,,4/12/21 22:25,Should have listened,0.98,
44,https://i.redd.it/9ju09kwua0381.jpg,426,,2/12/21 11:22,Link is in comments,0.87,
25,https://i.redd.it/oxerouzqpl381.jpg,425,,5/12/21 11:22,The only one,0.99,
95,https://i.redd.it/v4nq8yn1bb381.jpg,423,,4/12/21 0:22,Ugh this ish again,0.97,
92,https://www.reddit.com/gallery/qxbpmi,419,,19/11/21 21:20,Invest now in small but fierce,0.96,
17,https://i.redd.it/hoz02mfi4d381.jpg,418,,4/12/21 6:29,"i‚Äôm from india, can confirm",0.91,
88,https://i.redd.it/jh9zpf0b4cs71.jpg,418,,9/10/21 15:21,no words,0.98,
93,https://i.redd.it/rws06ksxk9381.jpg,417,,3/12/21 18:34,It do be like that,0.97,
94,https://i.redd.it/ykbsgnew3g281.jpg,417,,29/11/21 15:27,Hoping all the Jewish Redditors have 8 crazy nights!,0.88,
67,https://imgur.com/JbWNEd1.jpg,415,,23/11/21 6:07,Always nice to see this guy around,0.87,
38,https://i.redd.it/modu1w44j7v71.png,413,,24/10/21 3:08,this was a user-made ad on roblox. this means that someone most likely spent a solid $15 USD to show this to the world. why.,0.98,
71,https://www.reddit.com/gallery/qr3j3f,412,,11/11/21 9:35,Invest in wrapping paper drill,0.94,
90,https://i.redd.it/s55yx81goh381.jpg,411,,4/12/21 21:48,Reeee Spooder man,0.97,
81,https://i.imgur.com/Oz5MHir.png,407,,23/11/21 3:57,Joseph Ducreux Z,0.88,
71,https://i.redd.it/pechn5gtkk381.jpg,406,,5/12/21 7:33,Spread awareness! Fathers are not all monsters!,0.96,
56,https://i.redd.it/2xhw0j5737381.png,405,,3/12/21 10:11,ejamples,0.99,
23,https://i.redd.it/vi4k3a4lbn381.jpg,403,,5/12/21 16:46,I told my mom not to mention my birthday‚Ä¶,0.98,
79,https://i.redd.it/q5j65bsxfm381.jpg,403,,5/12/21 13:49,Carcinisation.,0.97,
93,https://i.redd.it/jtny41iqph381.jpg,403,,4/12/21 21:55,We live in a simulation,0.97,
21,https://i.redd.it/fa6wenecbb381.png,403,,4/12/21 0:25,And Congress asked them repeatedly during confirmation,0.8,
79,https://i.redd.it/q5j65bsxfm381.jpg,401,,5/12/21 13:49,Carcinisation.,0.97,
4,https://i.redd.it/kk46mtw4fk081.jpg,401,,20/11/21 3:49,Cringe Indeed,0.94,
63,https://i.redd.it/1jv3ehtepsz71.jpg,396,,16/11/21 6:36,Smart assessment,0.93,
54,https://i.redd.it/mt3wlqmncqs71.jpg,395,,11/10/21 15:12,Mr Bean savage,0.98,
42,https://i.redd.it/sk5umrq28j381.jpg,394,,5/12/21 3:00,I have decided to make another meme,0.97,
73,https://i.redd.it/ukvovpbxub381.jpg,391,,4/12/21 2:13,Do not press F,0.91,
25,https://i.redd.it/w8bgk2n6bk381.gif,391,,5/12/21 6:39,Well done my boi!,0.99,
16,https://i.redd.it/y70iczwkmey71.jpg,391,,9/11/21 6:11,Would it?,0.82,
61,https://media.makeameme.org/created/lately-ive-been-50a3d43b27.jpg,386,,22/11/21 7:40,It's all about how you present yourself.,0.88,
6,https://i.imgur.com/XVk72Pk.jpg,383,,3/11/21 5:03,Saw an armored car on my way to work today,0.91,
76,https://i.redd.it/r00lri7n1a381.jpg,382,,3/12/21 20:07,Can anyone confirm? I don‚Äôt make a hobby of plug socket fork-ing,0.97,
39,https://i.redd.it/m5ppi6fzox281.jpg,382,,2/12/21 2:35,Invest in this template?,0.98,
34,https://i.redd.it/naos0xtgsm381.jpg,378,,5/12/21 14:59,the hell?,0.97,
6,https://i.redd.it/91ntl1j3md381.jpg,376,,4/12/21 8:07,Good memeüëç,0.96,
11,https://i.redd.it/42mypzzygk381.jpg,374,,5/12/21 7:12,Even back then (adapted from r/Greece),0.94,
79,https://i.redd.it/0dybrimzub381.jpg,373,,4/12/21 2:14,I'm so done with this trend üôÑ,0.92,
28,https://i.redd.it/dj97ro378yt71.jpg,372,,17/10/21 18:46,Ha ha funni pills,0.98,
41,https://i.redd.it/tp10220ufh381.png,371,,5/12/21 6:47,Neighbors,0.91,
15,https://i.redd.it/4p8nf27nsc181.jpg,371,,24/11/21 3:15,To the girls who expect guys to keep chasing you after rejection:,0.91,
17,https://i.redd.it/mmhe1nuxvkv71.png,370,,26/10/21 0:02,stepsis joke: very funny,0.97,
52,https://i.redd.it/1ajb3bpiex281.png,368,,2/12/21 1:37,Sometimes staying out of touch with pop culture has its benefits.,0.8,
22,https://i.imgur.com/T5zE5NS.jpg,368,,16/11/21 13:56,Mel Gibson says he will direct new 'Lethal Weapon',0.77,
62,https://i.redd.it/cv8s7mog5m281.jpg,367,,30/11/21 11:46,"Teacher 0wned, epic chad style",0.97,
20,https://i.redd.it/5gret086pg381.jpg,366,,4/12/21 18:30,Being American be like,0.94,
77,https://i.redd.it/fi0tkaf5lj381.jpg,365,,5/12/21 4:32,The dentist:,0.92,
39,https://i.redd.it/6mwnb435l7v71.png,364,,24/10/21 3:19,haha monke joke???,0.97,
15,https://i.redd.it/6m9212567g381.jpg,360,,4/12/21 16:49,Student‚Äôs life üòîüòÆ,0.98,
89,https://i.redd.it/ctbltlk89i381.jpg,359,,4/12/21 23:45,It do be like that,0.98,
76,https://i.imgur.com/Mklfg96.jpg,358,,21/11/21 2:17,When I read a 5 star review of a calcium tablet on Amazon,0.91,
32,https://i.imgur.com/AOvgt5v.jpg,358,,8/11/21 6:30,"Woke up this morning to Reddit thinking there was a ""concert"" theme, not knowing about the Astroland disaster.",0.8,
46,https://i.redd.it/e1zjdphkcj381.png,357,,5/12/21 3:26,My procrastination at its finest,0.98,
86,https://i.redd.it/umfjdn1prmv71.jpg,355,,26/10/21 6:22,I'm looking at you /r/antiwork,0.83,
0,https://i.redd.it/ullwgjg5glx71.jpg,355,,5/11/21 4:04,Good ol' Facebook memes,0.98,
90,https://i.redd.it/p0mynd80zeu71.jpg,355,,20/10/21 3:04,Haha‚Ä¶ wife bad,0.98,
19,https://i.redd.it/cs3na8ce78381.jpg,354,,3/12/21 13:56,Don't get scared,0.97,
78,https://i.redd.it/3vzigm262jz71.jpg,354,,14/11/21 22:10,Pikachu give thunder bolt and nokia give that he will never brokenüòÇüòÇüòÇüòÇ,0.98,
17,https://i.redd.it/71r8xghmwtu71.jpg,353,,22/10/21 5:22,Profanity can be a litmus test.,0.76,
23,https://i.imgur.com/2ybMrms.jpg,352,,27/11/21 6:24,An hour today will completely change your inbox.,0.94,
81,https://i.imgur.com/ZQ3qweT.jpg,351,,5/12/21 8:49,Don‚Äôt forget all the misinformation!,0.96,
41,https://i.redd.it/a2zr9p8sgn381.png,350,,5/12/21 17:16,i dont want any nudes from chuck,0.97,
53,https://i.redd.it/8xetrsm3yk381.png,349,,5/12/21 8:48,Still confused why it's called like that,0.94,
14,https://i.redd.it/7mjspkkqif381.png,349,,4/12/21 14:49,Fuck Google,0.84,
16,https://i.redd.it/e0yirbmwki381.gif,345,,5/12/21 0:50,Grindset broken,0.96,
33,https://i.redd.it/ni8y70r4xj381.jpg,345,,5/12/21 5:20,it isnt funny anymore,0.97,
87,https://i.redd.it/5mci4sa1ub381.png,343,,4/12/21 2:09,Can't say this didn't happen,0.96,
51,https://i.redd.it/z58dhc5r1l381.png,342,,5/12/21 9:08,I don't have such weakness...,0.98,
97,https://i.redd.it/ep96xmcvbi381.jpg,340,,4/12/21 23:59,"A surprise for sure, but a welcome one",0.95,
56,https://i.redd.it/bxdqsz9g6o181.jpg,340,,25/11/21 17:31,You know who you are‚Ä¶,0.9,
1,https://i.redd.it/3lku9l87vl381.jpg,338,,5/12/21 11:53,Invest in Hamster in a dollhouse,0.97,
41,https://i.redd.it/a2zr9p8sgn381.png,337,,5/12/21 17:16,i dont want any nudes from chuck,0.97,
69,https://i.redd.it/fcdllakhde381.jpg,336,,4/12/21 10:41,It‚Äôs big brain time,0.96,
26,https://i.redd.it/8x9eim6k4o381.gif,336,,5/12/21 19:30,We gottem hah,0.97,
43,https://i.redd.it/63r371dz6ny71.jpg,336,,10/11/21 11:00,Love it but not that funny,0.97,
34,https://i.redd.it/n0s1a1ld1b381.gif,335,,3/12/21 23:28,The grey what?,0.96,
66,https://i.redd.it/nh1yezx6bk381.jpg,333,,5/12/21 6:39,My goals are beyond your understanding,0.91,
91,https://i.redd.it/5peevemf4j381.jpg,333,,5/12/21 2:39,Bro is just trying to sleep in,0.97,
26,https://i.redd.it/8x9eim6k4o381.gif,332,,5/12/21 19:30,We gottem hah,0.97,
89,https://i.redd.it/w2lx3gcxqj381.png,332,,5/12/21 4:45,How you doin fellow memers?,0.96,
20,https://i.redd.it/r5ggww5wqiv71.jpg,332,,25/10/21 16:50,"Bro,Seriously?",0.98,
28,https://i.redd.it/cbtepcairg381.jpg,330,,4/12/21 18:43,It‚Äôs too late oh god oh fu,0.99,
80,https://i.redd.it/6e8yy6on7j381.jpg,330,,5/12/21 2:57,They lied.,0.96,
30,https://i.redd.it/nyr6gneqki381.gif,330,,5/12/21 0:49,Not the Grindset,0.98,
66,https://i.redd.it/680obxzbjs281.png,330,,1/12/21 9:15,Today is Giving Tuesday (but it should be everyday),0.93,
25,https://i.redd.it/toijoposfqz71.jpg,330,,15/11/21 22:59,Free speech comes at a price,0.84,
45,https://i.redd.it/3cug9jp93l381.gif,329,,5/12/21 9:17,Students are too talented,0.95,
3,https://i.redd.it/qxnqgsncmk381.jpg,327,,5/12/21 7:41,"I don't care that you cheated on your sister with her mom, why are you asking me to fix it",0.98,
14,https://i.redd.it/7y80ixq4do381.jpg,326,,5/12/21 20:17,Santa?,0.98,
64,https://i.redd.it/9y0yjs4gjt281.jpg,325,,1/12/21 12:38,"$40 - $44,000 for a NYC government job?",0.94,
24,https://i.redd.it/a08tqufa5pu71.jpg,324,,21/10/21 13:18,"I update everything and the very next day, more update notifications.",0.92,
70,https://i.redd.it/ryx10hby2g381.jpg,323,,4/12/21 16:25,"F you too, you're just kindling.",0.98,
55,https://i.redd.it/66tcb895wj381.jpg,323,,5/12/21 5:15,When Disney princess starts singing...,0.95,
87,https://i.redd.it/thlbyd38dh381.png,322,,4/12/21 20:45,Burnt chicken fillet sandwiches,0.82,
30,https://i.redd.it/6mk0ntzdnj381.jpg,321,,5/12/21 4:25,Ur alt can suck my bawls,0.98,
5,https://i.redd.it/3pz8o7jslb381.gif,320,,4/12/21 1:22,Absolute torture,0.98,
18,https://i.redd.it/ek9fgatcntu71.jpg,317,,22/10/21 4:26,Just a couple teaspoons for four eggs,0.83,
71,https://i.redd.it/imnno6awoou71.jpg,314,,21/10/21 11:46,Okay which one of you guys fucked Red Hood?,0.96,
33,https://i.redd.it/nmd3y8fu8hu71.jpg,313,,20/10/21 10:45,Getting upvotes while trolling anti-vax groups,0.88,
58,https://i.imgur.com/vZCLvxp.jpg,313,,17/10/21 11:28,Mallard knows best.,0.88,
60,https://i.redd.it/eex3uh0k6n381.jpg,311,,5/12/21 16:18,"Her majesty loves em, pockets!",0.97,
91,https://i.redd.it/v18ph2sfvk381.jpg,311,,5/12/21 8:32,When that puberty kicks in.,0.97,
72,https://i.imgur.com/TBZRMwP.png,310,,25/11/21 5:39,I know someone who's excited about the latest trend!,0.88,
61,https://i.redd.it/eex3uh0k6n381.jpg,307,,5/12/21 16:18,"Her majesty loves em, pockets!",0.97,
30,https://i.redd.it/zf9zeom4pk381.gif,305,,5/12/21 7:57,Useful information is useful,0.97,
80,https://i.imgur.com/uAAdJvh.jpg,304,,5/11/21 5:15,"This might be a little too late, but this is how I feel",0.68,
64,https://i.redd.it/x6r5pb0e6n381.png,302,,5/12/21 16:17,To want the unobtainable,0.99,
71,https://i.redd.it/5ds8cf8wk0181.jpg,301,,22/11/21 10:09,INVEST in BROge,0.98,
40,https://i.redd.it/jtmm3zi5oj381.jpg,298,,5/12/21 4:30,To prove that the human body is the perfect machine,0.89,
14,https://i.redd.it/66hm1enkf9x71.jpg,298,,3/11/21 11:39,WHERE IS THE FUCKING JOKE,0.96,
83,https://i.redd.it/74l8w4ptji381.png,297,,5/12/21 0:45,poor student,0.97,
85,https://i.redd.it/7hhjlpu34l381.jpg,296,,5/12/21 9:21,Pure evil,0.92,
64,https://i.redd.it/x6r5pb0e6n381.png,296,,5/12/21 16:17,To want the unobtainable,0.99,
70,https://imgur.com/UG0zvzp.jpg,296,,25/11/21 6:17,Old reference on an old meme.,0.75,
95,https://i.redd.it/trunjj6eudx71.jpg,296,,4/11/21 2:30,My New Chemo Regimen Gives Me Bad Acne...,0.91,
93,https://i.redd.it/ds7awiehuf381.jpg,295,,4/12/21 15:38,Over Here,0.97,
68,https://i.redd.it/8jbpd4n5wl381.gif,295,,5/12/21 11:58,‚ÄúHey bro wouldn‚Äôt it be funny if you stuck this up your ass??‚Äù,0.99,
38,https://i.redd.it/d5v9eds6xe381.jpg,294,,4/12/21 12:31,Credit card go brrrrrrrrr,0.96,
82,https://i.redd.it/fdddavk4yj381.jpg,294,,5/12/21 5:26,Feels bad man,0.97,
20,https://i.redd.it/ogfwqv7xq1281.jpg,293,,27/11/21 15:09,Black Friday deals,0.87,
50,https://i.redd.it/seze8qx4xa381.jpg,292,,3/12/21 23:04,"This a meme from the future, you wouldn't get it",0.83,
4,https://i.redd.it/otkjzn54wk381.jpg,291,,5/12/21 8:36,Èù¢ÁôΩ„ÅÑ„Çø„Ç§„Éà„É´,0.99,
25,https://i.redd.it/9f5bjd3cfi381.jpg,290,,5/12/21 0:18,Seriously don't,0.86,
3,https://i.redd.it/853hwsyh9m381.jpg,285,,5/12/21 13:13,Living in the USA,0.83,
42,https://media.makeameme.org/created/remember-when-clicking-73c576cdf9.jpg,285,,30/10/21 9:58,That's what minimize is for.,0.94,
47,https://i.redd.it/xxe42jxt7ts71.jpg,285,,12/10/21 0:51,Installed reddit after months because this one deserves a spot on this sub,0.97,
36,https://i.redd.it/padq6lukcd381.png,283,,4/12/21 7:14,He's on the FBI's most wanted list,0.96,
46,https://i.redd.it/z83rm1k65m381.jpg,283,,5/12/21 12:49,Clenching for dear life,0.97,
30,https://i.redd.it/bbih5juaao381.jpg,282,,5/12/21 20:01,Why is this so true?,0.96,
76,https://i.redd.it/vvz26yf9wl381.jpg,282,,5/12/21 11:59,"Reject modernity, Embrace tradition",0.98,
28,https://i.redd.it/n3zey1izco381.jpg,281,,5/12/21 20:16,I hate myself. that‚Äôs it move on,0.94,
31,https://i.redd.it/6or18r13uj381.jpg,281,,5/12/21 5:03,Captain this bullsh*t,0.94,
44,https://i.redd.it/nnv9soi6ifw71.jpg,281,,30/10/21 7:00,Please no more,0.78,
2,https://i.redd.it/qxdiuxwkesv71.jpg,281,,27/10/21 1:30,Typical Russian street,0.96,
10,https://i.redd.it/42vu01jsxd381.gif,280,,4/12/21 9:13,"AND BEFORE YOU ASK, YES THIS IS A JOJO REFERENCE.",0.95,
11,https://i.redd.it/ngcg6f8kwd381.jpg,280,,4/12/21 9:06,Made in 3 minutes.,0.97,
33,https://i.redd.it/hxandujhtj381.jpg,280,,5/12/21 5:00,Tough situation.,0.95,
2,https://twitter.com/notsweetdandy/status/1449516393209245698?t=SzZ8vyt4FLyq3v_Gd3SkLw&amp;s=19,280,,24/10/21 5:09,"Invest in Jane from ""Disney's Tarzan""",0.98,
30,https://i.redd.it/bbih5juaao381.jpg,278,,5/12/21 20:01,Why is this so true?,0.96,
12,https://i.redd.it/os4d1tt7dj381.jpg,276,,5/12/21 3:28,What a very respectable video!,0.96,
81,https://i.redd.it/fw4jw1usgj381.jpg,274,,5/12/21 3:48,aaaaaaaaAAAAAHHHHHHHH,0.92,
41,https://i.redd.it/d1ukk885sg381.gif,274,,4/12/21 18:47,Well how about that,0.82,
67,https://i.imgur.com/h5oIKyo.jpg,274,,1/12/21 9:30,Bro just send your boy to voicemail!,0.88,
60,https://i.redd.it/6irim42cbl381.jpg,271,,5/12/21 10:02,Literally every website...,0.94,
27,https://i.redd.it/tarn3uz7vn381.gif,270,,5/12/21 18:37,"Sorry, I‚Äôm leaving",0.99,
75,https://i.redd.it/67gx3y4lql381.gif,270,,5/12/21 11:27,I'm Invincible,0.95,
52,https://i.redd.it/e12hgunlwe381.gif,270,,4/12/21 12:29,Lookin‚Äô fine,0.95,
28,https://i.redd.it/n3zey1izco381.jpg,270,,5/12/21 20:16,I hate myself. that‚Äôs it move on,0.94,
90,https://i.redd.it/5xuq1sitdgt71.jpg,270,,15/10/21 6:45,doctor ü¶ß,0.97,
2,https://i.imgur.com/sVbPSOf.jpg,269,,13/11/21 10:33,Hilarious and original,0.94,
47,https://i.redd.it/hbpe1zwstk381.jpg,267,,5/12/21 8:23,'ùò™ùòØùò∑ùò™ùò¥ùò™ùò£ùò≠ùò¶ ùòµùò™ùòµùò≠ùò¶',0.98,
10,https://i.redd.it/82myq62ote181.jpg,267,,24/11/21 10:03,They be stealin' mah bucket!,0.85,
26,https://i.redd.it/73o5bixphm381.jpg,265,,5/12/21 13:59,Remake of the fifth element with Elon Zorg,0.97,
39,https://i.redd.it/60627suwuk381.jpg,265,,5/12/21 8:29,It's true,0.95,
24,https://i.redd.it/4g6gldkcfk381.png,265,,5/12/21 7:02,Small pp men rise,0.97,
83,https://i.redd.it/mt3u3gbzeit71.jpg,265,,15/10/21 13:35,am i the only one that thinks stoners cant meme,0.97,
60,https://i.redd.it/u8d13irj8j381.jpg,264,,5/12/21 3:02,Dad's in a nutshell,0.98,
87,https://i.redd.it/9uk8yf3a18281.jpg,262,,28/11/21 12:18,These Soviet Russia memes are overused.,0.95,
93,https://i.redd.it/vg7aa6gnyo081.jpg,260,,20/11/21 19:05,Weaboo üíØ,0.95,
36,https://i.redd.it/oa3hz6i14o381.jpg,256,,5/12/21 19:27,Get your priorities straight dipshit.,0.83,
31,https://i.redd.it/a9oatdhbek381.png,256,,5/12/21 6:58,"Nadie nunca nos espera, pero siempre estamos ah√≠",0.93,
37,https://i.redd.it/m20o08grt1381.jpg,256,,2/12/21 16:29,tru hai kya?,0.95,
85,https://i.redd.it/8bgocme9cc381.jpg,255,,4/12/21 3:51,I mean who doesn't love it when economies freak out as a precaution,0.97,
47,https://i.redd.it/bqqgc7teaj381.jpg,255,,5/12/21 3:13,Not gonna lie,0.92,
35,https://i.redd.it/r1z69gomml381.jpg,254,,5/12/21 11:05,An autocorrect misunderstanding?,0.98,
49,https://i.redd.it/851gr2kiwm381.png,252,,5/12/21 15:23,i always wanted one of this,0.94,
66,https://i.redd.it/epsgmc5ndl381.jpg,252,,5/12/21 10:14,Interesting af,0.88,
44,https://i.imgur.com/ccUAFGB.jpg,252,,23/11/21 14:14,Worth a shot.,0.91,
95,https://i.redd.it/w8teeindlk381.jpg,249,,5/12/21 7:37,If Harry Potter was written in 2021,0.92,
22,https://i.redd.it/kve2vigsao381.jpg,248,,5/12/21 20:04,Booba booba,0.96,
22,https://i.redd.it/ubndu61eok381.gif,248,,5/12/21 7:53,"""Die MF Die!""",0.96,
36,https://i.redd.it/oa3hz6i14o381.jpg,248,,5/12/21 19:27,Get your priorities straight dipshit.,0.83,
43,https://i.redd.it/du41jb9qyn381.jpg,248,,5/12/21 18:57,how do I look in this stress?,0.99,